/*
 * jump_sound.c
 *
 *  Created on: May 22, 2026
 *      Author: PC
 */


#include <stdint.h>

const uint8_t jump_sound[24012] __attribute__((section(".octaflash_data"), aligned(32))) = {
		0x52, 0x49, 0x46, 0x46, 0xC4, 0x5D, 0x00, 0x00, 0x57, 0x41, 0x56, 0x45,
		0x66, 0x6D, 0x74, 0x20, 0x10, 0x00, 0x00, 0x00, 0x01, 0x00, 0x02, 0x00,
		0x22, 0x56, 0x00, 0x00, 0x88, 0x58, 0x01, 0x00, 0x04, 0x00, 0x10, 0x00,
		0x64, 0x61, 0x74, 0x61, 0x60, 0x5D, 0x00, 0x00, 0x5A, 0x0C, 0x5A, 0x0C,
		0x00, 0x15, 0x00, 0x15, 0xF1, 0x04, 0xF2, 0x04, 0xA6, 0xF3, 0xA4, 0xF3,
		0x0F, 0xE6, 0x11, 0xE6, 0x87, 0xFD, 0x86, 0xFD, 0x4C, 0x11, 0x4C, 0x11,
		0xFE, 0x14, 0x00, 0x15, 0x7B, 0x02, 0x78, 0x02, 0x0D, 0xE6, 0x0F, 0xE6,
		0x02, 0xEB, 0x02, 0xEB, 0xC1, 0xFE, 0xC1, 0xFE, 0x21, 0x20, 0x20, 0x20,
		0xFD, 0x14, 0xFF, 0x14, 0x12, 0xFB, 0x0E, 0xFB, 0xEE, 0xDA, 0xF5, 0xDA,
		0xD5, 0xE4, 0xCE, 0xE4, 0xB4, 0x03, 0xB9, 0x03, 0x1F, 0x20, 0x1A, 0x20,
		0x59, 0x0C, 0x5E, 0x0C, 0x3E, 0xEC, 0x3A, 0xEC, 0x1D, 0xCC, 0x20, 0xCC,
		0x97, 0xE3, 0x95, 0xE3, 0x1F, 0x0B, 0x1F, 0x0B, 0xE0, 0x1E, 0xE2, 0x1E,
		0xB8, 0x03, 0xB4, 0x03, 0x0D, 0xD1, 0x10, 0xD1, 0xD3, 0xBA, 0xD3, 0xBA,
		0x98, 0xE3, 0x97, 0xE3, 0xC2, 0x13, 0xC3, 0x13, 0xC5, 0x28, 0xC5, 0x28,
		0x96, 0xF8, 0x94, 0xF8, 0xC4, 0xBF, 0xC7, 0xBF, 0x1F, 0xB7, 0x1D, 0xB7,
		0xF1, 0xEF, 0xF1, 0xEF, 0x00, 0x2A, 0x01, 0x2A, 0x76, 0x2C, 0x76, 0x2C,
		0x8B, 0xE8, 0x8A, 0xE8, 0x49, 0xA8, 0x4A, 0xA8, 0xA8, 0xB4, 0xA7, 0xB4,
		0xA5, 0x08, 0xA5, 0x08, 0xA5, 0x47, 0xA5, 0x47, 0xB4, 0x2D, 0xB6, 0x2D,
		0xF2, 0xC5, 0xEF, 0xC5, 0x6A, 0x89, 0x6C, 0x89, 0x3D, 0xC2, 0x3B, 0xC2,
		0x95, 0x4C, 0x97, 0x4C, 0xFF, 0x7F, 0xFF, 0x7F, 0x49, 0x26, 0x4C, 0x26,
		0x04, 0x80, 0x00, 0x80, 0x00, 0x80, 0x02, 0x80, 0x9A, 0xF8, 0x94, 0xF8,
		0xFD, 0x7F, 0xFF, 0x7F, 0xFF, 0x7F, 0xFE, 0x7F, 0xD4, 0x62, 0xD3, 0x62,
		0x00, 0x80, 0x01, 0x80, 0x04, 0x80, 0x00, 0x80, 0x00, 0x80, 0x02, 0x80,
		0x05, 0x80, 0x00, 0x80, 0x00, 0x80, 0x02, 0x80, 0x05, 0x80, 0x00, 0x80,
		0x00, 0x80, 0x03, 0x80, 0x03, 0x80, 0x00, 0x80, 0x00, 0x80, 0x04, 0x80,
		0x00, 0x80, 0x00, 0x80, 0x01, 0x80, 0x01, 0x80, 0x00, 0x80, 0x01, 0x80,
		0x01, 0x80, 0x00, 0x80, 0x00, 0x80, 0x04, 0x80, 0x00, 0x80, 0x00, 0x80,
		0x01, 0x80, 0x03, 0x80, 0x00, 0x80, 0x00, 0x80, 0x01, 0x80, 0x00, 0x80,
		0x00, 0x80, 0x00, 0x80, 0x00, 0x80, 0x00, 0x80, 0x00, 0x80, 0x00, 0x80,
		0x02, 0x80, 0x02, 0x80, 0x00, 0x80, 0x00, 0x80, 0x02, 0x80, 0x00, 0x80,
		0x00, 0x80, 0x00, 0x80, 0x01, 0x80, 0x00, 0x80, 0x01, 0x80, 0x00, 0x80,
		0x00, 0x80, 0x00, 0x80, 0x02, 0x80, 0x02, 0x80, 0x00, 0x80, 0x00, 0x80,
		0x02, 0x80, 0x02, 0x80, 0x00, 0x80, 0x00, 0x80, 0x02, 0x80, 0x01, 0x80,
		0x00, 0x80, 0x00, 0x80, 0x00, 0x80, 0x00, 0x80, 0x00, 0x80, 0x00, 0x80,
		0x00, 0x80, 0x00, 0x80, 0x03, 0x80, 0x01, 0x80, 0x00, 0x80, 0x00, 0x80,
		0x04, 0x80, 0x01, 0x80, 0x00, 0x80, 0x00, 0x80, 0x03, 0x80, 0x00, 0x80,
		0x00, 0x80, 0x01, 0x80, 0x01, 0x80, 0x00, 0x80, 0x00, 0x80, 0x01, 0x80,
		0x00, 0x80, 0x00, 0x80, 0x02, 0x80, 0x01, 0x80, 0x00, 0x80, 0x00, 0x80,
		0x03, 0x80, 0x02, 0x80, 0x00, 0x80, 0x00, 0x80, 0x01, 0x80, 0x02, 0x80,
		0x00, 0x80, 0x00, 0x80, 0x00, 0x80, 0x00, 0x80, 0x00, 0x80, 0x02, 0x80,
		0x01, 0x80, 0x00, 0x80, 0x00, 0x80, 0x02, 0x80, 0x00, 0x80, 0x00, 0x80,
		0x00, 0x80, 0x01, 0x80, 0x00, 0x80, 0x00, 0x80, 0x01, 0x80, 0x00, 0x80,
		0x00, 0x80, 0x01, 0x80, 0x00, 0x80, 0x00, 0x80, 0x00, 0x80, 0x01, 0x80,
		0x00, 0x80, 0x00, 0x80, 0x00, 0x80, 0x00, 0x80, 0x02, 0x80, 0x02, 0x80,
		0x00, 0x80, 0x00, 0x80, 0x01, 0x80, 0x04, 0x80, 0x01, 0x80, 0x00, 0x80,
		0x00, 0x80, 0x01, 0x80, 0x03, 0x80, 0x00, 0x80, 0xFE, 0x7F, 0xFF, 0x7F,
		0xFF, 0x7F, 0xFF, 0x7F, 0xFF, 0x7F, 0xFF, 0x7F, 0xFF, 0x7F, 0xFE, 0x7F,
		0xFF, 0x7F, 0xFF, 0x7F, 0xFF, 0x7F, 0xFF, 0x7F, 0xFF, 0x7F, 0xFF, 0x7F,
		0xFE, 0x7F, 0xFF, 0x7F, 0xFF, 0x7F, 0xFF, 0x7F, 0xFF, 0x7F, 0xFF, 0x7F,
		0xFE, 0x7F, 0xFF, 0x7F, 0xFF, 0x7F, 0xFF, 0x7F, 0xFF, 0x7F, 0xFF, 0x7F,
		0xFF, 0x7F, 0xFE, 0x7F, 0xFF, 0x7F, 0xFF, 0x7F, 0xFF, 0x7F, 0xFF, 0x7F,
		0xFF, 0x7F, 0xFF, 0x7F, 0xFF, 0x7F, 0xFF, 0x7F, 0xFF, 0x7F, 0xFF, 0x7F,
		0xFF, 0x7F, 0xFF, 0x7F, 0xFF, 0x7F, 0xFF, 0x7F, 0xFF, 0x7F, 0xFF, 0x7F,
		0xFD, 0x7F, 0xFD, 0x7F, 0xFF, 0x7F, 0xFF, 0x7F, 0xFD, 0x7F, 0xFD, 0x7F,
		0xFF, 0x7F, 0xFF, 0x7F, 0xFF, 0x7F, 0xFF, 0x7F, 0xFF, 0x7F, 0xFF, 0x7F,
		0xFF, 0x7F, 0xFF, 0x7F, 0xFF, 0x7F, 0xFF, 0x7F, 0xFF, 0x7F, 0xFF, 0x7F,
		0xFF, 0x7F, 0xFF, 0x7F, 0xFF, 0x7F, 0xFE, 0x7F, 0xFF, 0x7F, 0xFF, 0x7F,
		0xFF, 0x7F, 0xFE, 0x7F, 0xFE, 0x7F, 0xFF, 0x7F, 0xFF, 0x7F, 0xFF, 0x7F,
		0xFE, 0x7F, 0xFC, 0x7F, 0xFF, 0x7F, 0xFF, 0x7F, 0xFD, 0x7F, 0xFE, 0x7F,
		0xFF, 0x7F, 0xFF, 0x7F, 0xFF, 0x7F, 0xFF, 0x7F, 0xFF, 0x7F, 0xFF, 0x7F,
		0xFE, 0x7F, 0xFF, 0x7F, 0xFF, 0x7F, 0xFF, 0x7F, 0xFD, 0x7F, 0xFE, 0x7F,
		0xFF, 0x7F, 0xFF, 0x7F, 0xFF, 0x7F, 0xFD, 0x7F, 0xFF, 0x7F, 0xFF, 0x7F,
		0xFF, 0x7F, 0xFD, 0x7F, 0xFF, 0x7F, 0xFF, 0x7F, 0xFF, 0x7F, 0xFF, 0x7F,
		0xFF, 0x7F, 0xFF, 0x7F, 0xFB, 0x7F, 0xFF, 0x7F, 0xFF, 0x7F, 0xFF, 0x7F,
		0xFB, 0x7F, 0xFF, 0x7F, 0xFF, 0x7F, 0xFF, 0x7F, 0xFF, 0x7F, 0xFF, 0x7F,
		0xFF, 0x7F, 0xFF, 0x7F, 0xFF, 0x7F, 0xFF, 0x7F, 0xFF, 0x7F, 0xFF, 0x7F,
		0xFF, 0x7F, 0xFF, 0x7F, 0xFF, 0x7F, 0xFF, 0x7F, 0xFF, 0x7F, 0xFD, 0x7F,
		0xFF, 0x7F, 0xFF, 0x7F, 0xFF, 0x7F, 0xFC, 0x7F, 0xFF, 0x7F, 0xFF, 0x7F,
		0xFF, 0x7F, 0xFF, 0x7F, 0xFE, 0x7F, 0xFF, 0x7F, 0xFF, 0x7F, 0xFF, 0x7F,
		0xFE, 0x7F, 0xFF, 0x7F, 0xFF, 0x7F, 0xFF, 0x7F, 0xFF, 0x7F, 0xFF, 0x7F,
		0xFF, 0x7F, 0xFF, 0x7F, 0xFF, 0x7F, 0xFF, 0x7F, 0xFB, 0x7F, 0xFF, 0x7F,
		0xFF, 0x7F, 0xFF, 0x7F, 0xFA, 0x7F, 0xFE, 0x7F, 0xFF, 0x7F, 0xFF, 0x7F,
		0xFC, 0x7F, 0xFF, 0x7F, 0xFF, 0x7F, 0xFE, 0x7F, 0xFD, 0x7F, 0xFF, 0x7F,
		0xFF, 0x7F, 0xFE, 0x7F, 0xFC, 0x7F, 0xFF, 0x7F, 0xFF, 0x7F, 0xFF, 0x7F,
		0xFC, 0x7F, 0xFF, 0x7F, 0xFF, 0x7F, 0xFF, 0x7F, 0xFD, 0x7F, 0xFB, 0x7F,
		0xFF, 0x7F, 0xFF, 0x7F, 0xFC, 0x7F, 0xFA, 0x7F, 0xFF, 0x7F, 0xFF, 0x7F,
		0xFF, 0x7F, 0xFC, 0x7F, 0xFF, 0x7F, 0xFF, 0x7F, 0xFF, 0x7F, 0xFE, 0x7F,
		0xFE, 0x7F, 0xFF, 0x7F, 0xFF, 0x7F, 0xFE, 0x7F, 0xFF, 0x7F, 0xFF, 0x7F,
		0xFF, 0x7F, 0xFE, 0x7F, 0xFF, 0x7F, 0xFF, 0x7F, 0xFE, 0x7F, 0xFF, 0x7F,
		0xFF, 0x7F, 0xFF, 0x7F, 0xFE, 0x7F, 0xFF, 0x7F, 0xFF, 0x7F, 0xFF, 0x7F,
		0xFF, 0x7F, 0xFD, 0x7F, 0xFF, 0x7F, 0xFF, 0x7F, 0xFF, 0x7F, 0xFE, 0x7F,
		0xFF, 0x7F, 0xFF, 0x7F, 0xFF, 0x7F, 0xFF, 0x7F, 0xFF, 0x7F, 0xFF, 0x7F,
		0xFF, 0x7F, 0xFF, 0x7F, 0xFF, 0x7F, 0xFF, 0x7F, 0xFE, 0x7F, 0xFD, 0x7F,
		0xFF, 0x7F, 0xFF, 0x7F, 0xFE, 0x7F, 0xFC, 0x7F, 0xFF, 0x7F, 0xFF, 0x7F,
		0xFF, 0x7F, 0xFD, 0x7F, 0xFF, 0x7F, 0xFF, 0x7F, 0xFE, 0x7F, 0xFF, 0x7F,
		0xFF, 0x7F, 0xFF, 0x7F, 0xFF, 0x7F, 0xFF, 0x7F, 0xFF, 0x7F, 0xFF, 0x7F,
		0xFF, 0x7F, 0xFF, 0x7F, 0xFE, 0x7F, 0xFF, 0x7F, 0xFF, 0x7F, 0xFF, 0x7F,
		0xFC, 0x7F, 0xFF, 0x7F, 0xFF, 0x7F, 0xFF, 0x7F, 0xFC, 0x7F, 0xFF, 0x7F,
		0xFF, 0x7F, 0xFE, 0x7F, 0xFB, 0x7F, 0xFF, 0x7F, 0xFF, 0x7F, 0xFE, 0x7F,
		0xFD, 0x7F, 0xFF, 0x7F, 0xFF, 0x7F, 0xFF, 0x7F, 0xFF, 0x7F, 0xFF, 0x7F,
		0xFF, 0x7F, 0xFF, 0x7F, 0xFF, 0x7F, 0xFF, 0x7F, 0xFF, 0x7F, 0xFF, 0x7F,
		0xFF, 0x7F, 0xFE, 0x7F, 0xFF, 0x7F, 0xFF, 0x7F, 0xFF, 0x7F, 0xFE, 0x7F,
		0xFE, 0x7F, 0xFF, 0x7F, 0xFF, 0x7F, 0xFF, 0x7F, 0xFE, 0x7F, 0xFF, 0x7F,
		0xFF, 0x7F, 0xFF, 0x7F, 0xFF, 0x7F, 0xFF, 0x7F, 0xFF, 0x7F, 0xFE, 0x7F,
		0xFF, 0x7F, 0xFF, 0x7F, 0xFF, 0x7F, 0xFD, 0x7F, 0xFF, 0x7F, 0xFF, 0x7F,
		0xFD, 0x7F, 0xFF, 0x7F, 0xFF, 0x7F, 0xFF, 0x7F, 0xFF, 0x7F, 0xFF, 0x7F,
		0xFF, 0x7F, 0xFE, 0x7F, 0xFF, 0x7F, 0xFF, 0x7F, 0xFF, 0x7F, 0xFE, 0x7F,
		0xFF, 0x7F, 0xFF, 0x7F, 0xFF, 0x7F, 0xFE, 0x7F, 0xFF, 0x7F, 0xFF, 0x7F,
		0xFF, 0x7F, 0xFF, 0x7F, 0xFF, 0x7F, 0xFF, 0x7F, 0xFF, 0x7F, 0xFF, 0x7F,
		0xFF, 0x7F, 0xFF, 0x7F, 0xFF, 0x7F, 0xFE, 0x7F, 0xFF, 0x7F, 0xFF, 0x7F,
		0xFF, 0x7F, 0xFC, 0x7F, 0xFE, 0x7F, 0xFF, 0x7F, 0xFF, 0x7F, 0xFE, 0x7F,
		0xFD, 0x7F, 0xFF, 0x7F, 0xFF, 0x7F, 0xFF, 0x7F, 0xFF, 0x7F, 0xFF, 0x7F,
		0xFF, 0x7F, 0xFF, 0x7F, 0xFF, 0x7F, 0xFF, 0x7F, 0xFE, 0x7F, 0xFE, 0x7F,
		0xFF, 0x7F, 0xFF, 0x7F, 0xFE, 0x7F, 0xFF, 0x7F, 0xFF, 0x7F, 0xFF, 0x7F,
		0xFF, 0x7F, 0xFF, 0x7F, 0x00, 0x80, 0x00, 0x80, 0x00, 0x80, 0x00, 0x80,
		0x02, 0x80, 0x00, 0x80, 0x00, 0x80, 0x01, 0x80, 0x02, 0x80, 0x00, 0x80,
		0x00, 0x80, 0x00, 0x80, 0x00, 0x80, 0x02, 0x80, 0x02, 0x80, 0x00, 0x80,
		0x00, 0x80, 0x03, 0x80, 0x02, 0x80, 0x00, 0x80, 0x00, 0x80, 0x00, 0x80,
		0x01, 0x80, 0x02, 0x80, 0x00, 0x80, 0x00, 0x80, 0x00, 0x80, 0x01, 0x80,
		0x00, 0x80, 0x00, 0x80, 0x02, 0x80, 0x00, 0x80, 0x00, 0x80, 0x04, 0x80,
		0x01, 0x80, 0x00, 0x80, 0x01, 0x80, 0x04, 0x80, 0x00, 0x80, 0x00, 0x80,
		0x03, 0x80, 0x03, 0x80, 0x00, 0x80, 0x00, 0x80, 0x01, 0x80, 0x03, 0x80,
		0x01, 0x80, 0x00, 0x80, 0x00, 0x80, 0x01, 0x80, 0x02, 0x80, 0x00, 0x80,
		0x00, 0x80, 0x00, 0x80, 0x01, 0x80, 0x00, 0x80, 0x01, 0x80, 0x01, 0x80,
		0x00, 0x80, 0x00, 0x80, 0x03, 0x80, 0x02, 0x80, 0x00, 0x80, 0x00, 0x80,
		0x01, 0x80, 0x01, 0x80, 0x00, 0x80, 0x00, 0x80, 0x00, 0x80, 0x01, 0x80,
		0x00, 0x80, 0x00, 0x80, 0x01, 0x80, 0x00, 0x80, 0x00, 0x80, 0x01, 0x80,
		0x02, 0x80, 0x00, 0x80, 0x00, 0x80, 0x00, 0x80, 0x00, 0x80, 0x02, 0x80,
		0x01, 0x80, 0x00, 0x80, 0x00, 0x80, 0x02, 0x80, 0x01, 0x80, 0x00, 0x80,
		0x00, 0x80, 0x00, 0x80, 0x01, 0x80, 0x04, 0x80, 0x00, 0x80, 0x00, 0x80,
		0x01, 0x80, 0x04, 0x80, 0x00, 0x80, 0x00, 0x80, 0x01, 0x80, 0x00, 0x80,
		0x00, 0x80, 0x01, 0x80, 0x01, 0x80, 0x00, 0x80, 0x00, 0x80, 0x00, 0x80,
		0x01, 0x80, 0x01, 0x80, 0x00, 0x80, 0x00, 0x80, 0x00, 0x80, 0x01, 0x80,
		0x01, 0x80, 0x00, 0x80, 0x00, 0x80, 0x02, 0x80, 0x01, 0x80, 0x00, 0x80,
		0x00, 0x80, 0x01, 0x80, 0x00, 0x80, 0x00, 0x80, 0x01, 0x80, 0x00, 0x80,
		0x00, 0x80, 0x00, 0x80, 0x00, 0x80, 0x00, 0x80, 0x00, 0x80, 0x01, 0x80,
		0x01, 0x80, 0x00, 0x80, 0x00, 0x80, 0x03, 0x80, 0x00, 0x80, 0x00, 0x80,
		0x00, 0x80, 0x04, 0x80, 0x00, 0x80, 0x00, 0x80, 0x01, 0x80, 0x01, 0x80,
		0x00, 0x80, 0x01, 0x80, 0x02, 0x80, 0x00, 0x80, 0x00, 0x80, 0x02, 0x80,
		0x02, 0x80, 0x00, 0x80, 0x00, 0x80, 0x00, 0x80, 0x01, 0x80, 0x00, 0x80,
		0x00, 0x80, 0x00, 0x80, 0x03, 0x80, 0x00, 0x80, 0x00, 0x80, 0x01, 0x80,
		0x03, 0x80, 0x00, 0x80, 0x00, 0x80, 0x03, 0x80, 0x00, 0x80, 0x00, 0x80,
		0x02, 0x80, 0x06, 0x80, 0x00, 0x80, 0x00, 0x80, 0x03, 0x80, 0x03, 0x80,
		0x00, 0x80, 0x00, 0x80, 0x00, 0x80, 0x00, 0x80, 0x02, 0x80, 0x00, 0x80,
		0x00, 0x80, 0x00, 0x80, 0x04, 0x80, 0x00, 0x80, 0x00, 0x80, 0x00, 0x80,
		0x02, 0x80, 0x01, 0x80, 0x00, 0x80, 0x00, 0x80, 0x00, 0x80, 0x00, 0x80,
		0x04, 0x80, 0x01, 0x80, 0x00, 0x80, 0x00, 0x80, 0x02, 0x80, 0x03, 0x80,
		0x00, 0x80, 0x00, 0x80, 0x00, 0x80, 0x03, 0x80, 0x00, 0x80, 0x00, 0x80,
		0x01, 0x80, 0x01, 0x80, 0x00, 0x80, 0x00, 0x80, 0x02, 0x80, 0x00, 0x80,
		0x00, 0x80, 0x01, 0x80, 0x00, 0x80, 0x00, 0x80, 0x01, 0x80, 0x00, 0x80,
		0x00, 0x80, 0x00, 0x80, 0x03, 0x80, 0x00, 0x80, 0x00, 0x80, 0x00, 0x80,
		0x02, 0x80, 0x01, 0x80, 0x00, 0x80, 0x00, 0x80, 0x00, 0x80, 0x00, 0x80,
		0x02, 0x80, 0x02, 0x80, 0x00, 0x80, 0x00, 0x80, 0x03, 0x80, 0x01, 0x80,
		0x00, 0x80, 0x00, 0x80, 0x03, 0x80, 0x00, 0x80, 0x00, 0x80, 0x00, 0x80,
		0x01, 0x80, 0x02, 0x80, 0x00, 0x80, 0x00, 0x80, 0x00, 0x80, 0x04, 0x80,
		0x00, 0x80, 0x00, 0x80, 0x00, 0x80, 0x01, 0x80, 0x02, 0x80, 0x00, 0x80,
		0x00, 0x80, 0x00, 0x80, 0x04, 0x80, 0x01, 0x80, 0x00, 0x80, 0x00, 0x80,
		0x02, 0x80, 0x00, 0x80, 0x00, 0x80, 0x00, 0x80, 0x00, 0x80, 0x00, 0x80,
		0x01, 0x80, 0x01, 0x80, 0x00, 0x80, 0x00, 0x80, 0x01, 0x80, 0x02, 0x80,
		0x00, 0x80, 0x00, 0x80, 0x01, 0x80, 0x02, 0x80, 0x00, 0x80, 0x00, 0x80,
		0x01, 0x80, 0x01, 0x80, 0x00, 0x80, 0x00, 0x80, 0x01, 0x80, 0x00, 0x80,
		0x00, 0x80, 0x00, 0x80, 0x00, 0x80, 0x00, 0x80, 0x02, 0x80, 0x00, 0x80,
		0x00, 0x80, 0x00, 0x80, 0x01, 0x80, 0x01, 0x80, 0x00, 0x80, 0x00, 0x80,
		0x00, 0x80, 0x02, 0x80, 0x00, 0x80, 0x00, 0x80, 0x03, 0x80, 0x00, 0x80,
		0x00, 0x80, 0x01, 0x80, 0x05, 0x80, 0x00, 0x80, 0x00, 0x80, 0x00, 0x80,
		0x02, 0x80, 0x02, 0x80, 0x00, 0x80, 0x00, 0x80, 0x00, 0x80, 0x03, 0x80,
		0x02, 0x80, 0x00, 0x80, 0x00, 0x80, 0x00, 0x80, 0x03, 0x80, 0x02, 0x80,
		0x00, 0x80, 0x00, 0x80, 0x00, 0x80, 0x03, 0x80, 0x02, 0x80, 0x00, 0x80,
		0x00, 0x80, 0x00, 0x80, 0x03, 0x80, 0x02, 0x80, 0x00, 0x80, 0x00, 0x80,
		0x00, 0x80, 0x03, 0x80, 0x01, 0x80, 0x00, 0x80, 0x00, 0x80, 0x02, 0x80,
		0x00, 0x80, 0x00, 0x80, 0x03, 0x80, 0x01, 0x80, 0x00, 0x80, 0x00, 0x80,
		0x03, 0x80, 0x00, 0x80, 0x00, 0x80, 0x02, 0x80, 0x01, 0x80, 0x00, 0x80,
		0x00, 0x80, 0x00, 0x80, 0x01, 0x80, 0x01, 0x80, 0x00, 0x80, 0x00, 0x80,
		0x00, 0x80, 0x02, 0x80, 0x01, 0x80, 0x00, 0x80, 0x00, 0x80, 0x00, 0x80,
		0x01, 0x80, 0x00, 0x80, 0x00, 0x80, 0x00, 0x80, 0x01, 0x80, 0x01, 0x80,
		0x00, 0x80, 0x00, 0x80, 0x00, 0x80, 0x02, 0x80, 0x01, 0x80, 0x00, 0x80,
		0x00, 0x80, 0x01, 0x80, 0x01, 0x80, 0x01, 0x80, 0x00, 0x80, 0x00, 0x80,
		0x00, 0x80, 0x02, 0x80, 0x01, 0x80, 0x00, 0x80, 0x00, 0x80, 0x00, 0x80,
		0x01, 0x80, 0x02, 0x80, 0x00, 0x80, 0x00, 0x80, 0x00, 0x80, 0x02, 0x80,
		0x03, 0x80, 0x00, 0x80, 0x00, 0x80, 0x00, 0x80, 0x05, 0x80, 0x02, 0x80,
		0x00, 0x80, 0x00, 0x80, 0x04, 0x80, 0x02, 0x80, 0x00, 0x80, 0x00, 0x80,
		0xFF, 0x7F, 0xFF, 0x7F, 0xFE, 0x7F, 0xFF, 0x7F, 0xFF, 0x7F, 0xFF, 0x7F,
		0xFF, 0x7F, 0xFF, 0x7F, 0xFF, 0x7F, 0xFF, 0x7F, 0xFE, 0x7F, 0xFE, 0x7F,
		0xFF, 0x7F, 0xFF, 0x7F, 0xFE, 0x7F, 0xFD, 0x7F, 0xFF, 0x7F, 0xFF, 0x7F,
		0xFE, 0x7F, 0xFF, 0x7F, 0xFF, 0x7F, 0xFF, 0x7F, 0xFF, 0x7F, 0xFE, 0x7F,
		0xFD, 0x7F, 0xFF, 0x7F, 0xFF, 0x7F, 0xFB, 0x7F, 0xFF, 0x7F, 0xFF, 0x7F,
		0xFF, 0x7F, 0xFB, 0x7F, 0xFF, 0x7F, 0xFF, 0x7F, 0xFF, 0x7F, 0xFB, 0x7F,
		0xFD, 0x7F, 0xFF, 0x7F, 0xFF, 0x7F, 0xFC, 0x7F, 0xFF, 0x7F, 0xFF, 0x7F,
		0xFF, 0x7F, 0xFF, 0x7F, 0xFF, 0x7F, 0xFE, 0x7F, 0xFF, 0x7F, 0xFF, 0x7F,
		0xFF, 0x7F, 0xFD, 0x7F, 0xFF, 0x7F, 0xFF, 0x7F, 0xFF, 0x7F, 0xFE, 0x7F,
		0xFF, 0x7F, 0xFF, 0x7F, 0xFC, 0x7F, 0xFF, 0x7F, 0xFF, 0x7F, 0xFE, 0x7F,
		0xFC, 0x7F, 0xFF, 0x7F, 0xFF, 0x7F, 0xFE, 0x7F, 0xFE, 0x7F, 0xFF, 0x7F,
		0xFF, 0x7F, 0xFF, 0x7F, 0xFF, 0x7F, 0xFF, 0x7F, 0xFF, 0x7F, 0xFE, 0x7F,
		0xFF, 0x7F, 0xFF, 0x7F, 0xFF, 0x7F, 0xFE, 0x7F, 0xFF, 0x7F, 0xFF, 0x7F,
		0xFF, 0x7F, 0xFF, 0x7F, 0xFF, 0x7F, 0xFF, 0x7F, 0xFF, 0x7F, 0xFF, 0x7F,
		0xFF, 0x7F, 0xFF, 0x7F, 0xFF, 0x7F, 0xFF, 0x7F, 0xFF, 0x7F, 0xFD, 0x7F,
		0xFF, 0x7F, 0xFF, 0x7F, 0xFF, 0x7F, 0xFC, 0x7F, 0xFF, 0x7F, 0xFF, 0x7F,
		0xFE, 0x7F, 0xFC, 0x7F, 0xFF, 0x7F, 0xFF, 0x7F, 0xFF, 0x7F, 0xFE, 0x7F,
		0xFF, 0x7F, 0xFF, 0x7F, 0xFF, 0x7F, 0xFF, 0x7F, 0xFF, 0x7F, 0xFF, 0x7F,
		0xFF, 0x7F, 0xFF, 0x7F, 0xFF, 0x7F, 0xFF, 0x7F, 0xFF, 0x7F, 0xFD, 0x7F,
		0xFF, 0x7F, 0xFF, 0x7F, 0xFE, 0x7F, 0xFE, 0x7F, 0xFF, 0x7F, 0xFF, 0x7F,
		0xFE, 0x7F, 0xFF, 0x7F, 0xFF, 0x7F, 0xFC, 0x7F, 0xFF, 0x7F, 0xFF, 0x7F,
		0xFF, 0x7F, 0xFC, 0x7F, 0xFF, 0x7F, 0xFF, 0x7F, 0xFF, 0x7F, 0xFF, 0x7F,
		0xFF, 0x7F, 0xFF, 0x7F, 0xFF, 0x7F, 0xFF, 0x7F, 0xFF, 0x7F, 0xFE, 0x7F,
		0xFF, 0x7F, 0xFF, 0x7F, 0xFF, 0x7F, 0xFF, 0x7F, 0xFF, 0x7F, 0xFF, 0x7F,
		0xFF, 0x7F, 0xFF, 0x7F, 0xFF, 0x7F, 0xFD, 0x7F, 0xFF, 0x7F, 0xFF, 0x7F,
		0xFF, 0x7F, 0xFC, 0x7F, 0xFF, 0x7F, 0xFF, 0x7F, 0xFE, 0x7F, 0xFD, 0x7F,
		0xFF, 0x7F, 0xFF, 0x7F, 0xFF, 0x7F, 0xFF, 0x7F, 0xFF, 0x7F, 0xFF, 0x7F,
		0xFF, 0x7F, 0xFF, 0x7F, 0xFF, 0x7F, 0xFF, 0x7F, 0xFF, 0x7F, 0xFF, 0x7F,
		0xFF, 0x7F, 0xFF, 0x7F, 0xFE, 0x7F, 0xFE, 0x7F, 0xFF, 0x7F, 0xFF, 0x7F,
		0xFF, 0x7F, 0xFD, 0x7F, 0xFF, 0x7F, 0xFF, 0x7F, 0xFF, 0x7F, 0xFF, 0x7F,
		0xFE, 0x7F, 0xFF, 0x7F, 0xFF, 0x7F, 0xFF, 0x7F, 0xFE, 0x7F, 0xFE, 0x7F,
		0xFF, 0x7F, 0xFF, 0x7F, 0xFF, 0x7F, 0xFE, 0x7F, 0xFD, 0x7F, 0xFF, 0x7F,
		0xFF, 0x7F, 0xFD, 0x7F, 0xFE, 0x7F, 0xFF, 0x7F, 0xFF, 0x7F, 0xFE, 0x7F,
		0xFF, 0x7F, 0xFF, 0x7F, 0xFF, 0x7F, 0xFF, 0x7F, 0xFF, 0x7F, 0xFF, 0x7F,
		0xFF, 0x7F, 0xFF, 0x7F, 0xFF, 0x7F, 0xFF, 0x7F, 0xFF, 0x7F, 0xFF, 0x7F,
		0xFF, 0x7F, 0xFE, 0x7F, 0xFF, 0x7F, 0xFF, 0x7F, 0xFF, 0x7F, 0xFD, 0x7F,
		0xFF, 0x7F, 0xFF, 0x7F, 0xFF, 0x7F, 0xFF, 0x7F, 0xFF, 0x7F, 0xFE, 0x7F,
		0xFD, 0x7F, 0xFF, 0x7F, 0xFF, 0x7F, 0xFD, 0x7F, 0xFC, 0x7F, 0xFF, 0x7F,
		0xFF, 0x7F, 0xFF, 0x7F, 0xFE, 0x7F, 0xFE, 0x7F, 0xFF, 0x7F, 0xFF, 0x7F,
		0xFF, 0x7F, 0xFF, 0x7F, 0xFF, 0x7F, 0xFF, 0x7F, 0xFF, 0x7F, 0xFF, 0x7F,
		0xFF, 0x7F, 0xFF, 0x7F, 0xFF, 0x7F, 0xFF, 0x7F, 0xFF, 0x7F, 0xFF, 0x7F,
		0xFF, 0x7F, 0xFF, 0x7F, 0xFF, 0x7F, 0xFF, 0x7F, 0xFD, 0x7F, 0xFF, 0x7F,
		0xFF, 0x7F, 0xFE, 0x7F, 0xFF, 0x7F, 0xFF, 0x7F, 0xFF, 0x7F, 0xFF, 0x7F,
		0xFF, 0x7F, 0xFF, 0x7F, 0xFF, 0x7F, 0xFF, 0x7F, 0xFF, 0x7F, 0xFF, 0x7F,
		0xFF, 0x7F, 0xFF, 0x7F, 0xFF, 0x7F, 0xFF, 0x7F, 0xFF, 0x7F, 0xFE, 0x7F,
		0xFF, 0x7F, 0xFF, 0x7F, 0xFD, 0x7F, 0xFF, 0x7F, 0xFF, 0x7F, 0xFF, 0x7F,
		0xFD, 0x7F, 0xFF, 0x7F, 0xFF, 0x7F, 0xFE, 0x7F, 0xFC, 0x7F, 0xFF, 0x7F,
		0xFF, 0x7F, 0xFD, 0x7F, 0xFF, 0x7F, 0xFF, 0x7F, 0xFF, 0x7F, 0xFF, 0x7F,
		0xFF, 0x7F, 0xFF, 0x7F, 0xFE, 0x7F, 0xFF, 0x7F, 0xFF, 0x7F, 0xFF, 0x7F,
		0xFF, 0x7F, 0xFF, 0x7F, 0xFF, 0x7F, 0xFF, 0x7F, 0xFD, 0x7F, 0xFF, 0x7F,
		0xFF, 0x7F, 0xFF, 0x7F, 0xFD, 0x7F, 0xFF, 0x7F, 0xFF, 0x7F, 0xFF, 0x7F,
		0xFF, 0x7F, 0xFF, 0x7F, 0xFF, 0x7F, 0xFF, 0x7F, 0xFF, 0x7F, 0xFF, 0x7F,
		0xFE, 0x7F, 0xFF, 0x7F, 0xFF, 0x7F, 0xFF, 0x7F, 0xFC, 0x7F, 0xFF, 0x7F,
		0xFF, 0x7F, 0xFF, 0x7F, 0xFE, 0x7F, 0xFF, 0x7F, 0xFF, 0x7F, 0xFF, 0x7F,
		0xFF, 0x7F, 0xFF, 0x7F, 0xFD, 0x7F, 0xFE, 0x7F, 0xFF, 0x7F, 0xFF, 0x7F,
		0xFF, 0x7F, 0xFD, 0x7F, 0xFF, 0x7F, 0xFF, 0x7F, 0xFF, 0x7F, 0xFB, 0x7F,
		0xFF, 0x7F, 0xFF, 0x7F, 0xFF, 0x7F, 0xFC, 0x7F, 0xFF, 0x7F, 0xFF, 0x7F,
		0xFF, 0x7F, 0xFE, 0x7F, 0xFF, 0x7F, 0xFF, 0x7F, 0xFF, 0x7F, 0xFF, 0x7F,
		0xFF, 0x7F, 0xFF, 0x7F, 0xFF, 0x7F, 0xFF, 0x7F, 0xFE, 0x7F, 0xFF, 0x7F,
		0xFF, 0x7F, 0xFF, 0x7F, 0xFF, 0x7F, 0xFF, 0x7F, 0xFD, 0x7F, 0xFF, 0x7F,
		0xFF, 0x7F, 0xFF, 0x7F, 0xFC, 0x7F, 0xFF, 0x7F, 0xFF, 0x7F, 0xFF, 0x7F,
		0xFF, 0x7F, 0xFF, 0x7F, 0x00, 0x80, 0x02, 0x80, 0x02, 0x80, 0x00, 0x80,
		0x00, 0x80, 0x01, 0x80, 0x02, 0x80, 0x00, 0x80, 0x00, 0x80, 0x00, 0x80,
		0x00, 0x80, 0x02, 0x80, 0x00, 0x80, 0x00, 0x80, 0x01, 0x80, 0x03, 0x80,
		0x00, 0x80, 0x00, 0x80, 0x02, 0x80, 0x01, 0x80, 0x00, 0x80, 0x00, 0x80,
		0x00, 0x80, 0x00, 0x80, 0x01, 0x80, 0x01, 0x80, 0x00, 0x80, 0x00, 0x80,
		0x02, 0x80, 0x00, 0x80, 0x00, 0x80, 0x01, 0x80, 0x02, 0x80, 0x00, 0x80,
		0x00, 0x80, 0x00, 0x80, 0x01, 0x80, 0x02, 0x80, 0x00, 0x80, 0x00, 0x80,
		0x02, 0x80, 0x01, 0x80, 0x00, 0x80, 0x00, 0x80, 0x02, 0x80, 0x00, 0x80,
		0x00, 0x80, 0x02, 0x80, 0x00, 0x80, 0x00, 0x80, 0x00, 0x80, 0x02, 0x80,
		0x01, 0x80, 0x00, 0x80, 0x00, 0x80, 0x00, 0x80, 0x03, 0x80, 0x02, 0x80,
		0x00, 0x80, 0x00, 0x80, 0x00, 0x80, 0x02, 0x80, 0x01, 0x80, 0x00, 0x80,
		0x00, 0x80, 0x03, 0x80, 0x01, 0x80, 0x00, 0x80, 0x00, 0x80, 0x04, 0x80,
		0x00, 0x80, 0x00, 0x80, 0x00, 0x80, 0x01, 0x80, 0x00, 0x80, 0x01, 0x80,
		0x02, 0x80, 0x00, 0x80, 0x00, 0x80, 0x02, 0x80, 0x04, 0x80, 0x00, 0x80,
		0x00, 0x80, 0x00, 0x80, 0x04, 0x80, 0x00, 0x80, 0x00, 0x80, 0x00, 0x80,
		0x02, 0x80, 0x00, 0x80, 0x00, 0x80, 0x01, 0x80, 0x00, 0x80, 0x00, 0x80,
		0x00, 0x80, 0x02, 0x80, 0x00, 0x80, 0x00, 0x80, 0x01, 0x80, 0x02, 0x80,
		0x00, 0x80, 0x00, 0x80, 0x02, 0x80, 0x01, 0x80, 0x00, 0x80, 0x00, 0x80,
		0x00, 0x80, 0x01, 0x80, 0x03, 0x80, 0x00, 0x80, 0x00, 0x80, 0x00, 0x80,
		0x04, 0x80, 0x01, 0x80, 0x00, 0x80, 0x00, 0x80, 0x02, 0x80, 0x00, 0x80,
		0x00, 0x80, 0x00, 0x80, 0x02, 0x80, 0x00, 0x80, 0x00, 0x80, 0x00, 0x80,
		0x00, 0x80, 0x01, 0x80, 0x01, 0x80, 0x00, 0x80, 0x00, 0x80, 0x01, 0x80,
		0x02, 0x80, 0x00, 0x80, 0x00, 0x80, 0x00, 0x80, 0x02, 0x80, 0x01, 0x80,
		0x00, 0x80, 0x00, 0x80, 0x00, 0x80, 0x03, 0x80, 0x00, 0x80, 0x00, 0x80,
		0x00, 0x80, 0x02, 0x80, 0x00, 0x80, 0x00, 0x80, 0x00, 0x80, 0x00, 0x80,
		0x00, 0x80, 0x01, 0x80, 0x00, 0x80, 0x00, 0x80, 0x02, 0x80, 0x00, 0x80,
		0x00, 0x80, 0x01, 0x80, 0x02, 0x80, 0x00, 0x80, 0x00, 0x80, 0x02, 0x80,
		0x03, 0x80, 0x00, 0x80, 0x00, 0x80, 0x02, 0x80, 0x02, 0x80, 0x00, 0x80,
		0x00, 0x80, 0x00, 0x80, 0x01, 0x80, 0x01, 0x80, 0x00, 0x80, 0x00, 0x80,
		0x02, 0x80, 0x00, 0x80, 0x00, 0x80, 0x00, 0x80, 0x01, 0x80, 0x01, 0x80,
		0x00, 0x80, 0x00, 0x80, 0x01, 0x80, 0x01, 0x80, 0x00, 0x80, 0x00, 0x80,
		0x01, 0x80, 0x03, 0x80, 0x00, 0x80, 0x00, 0x80, 0x02, 0x80, 0x05, 0x80,
		0x00, 0x80, 0x00, 0x80, 0x03, 0x80, 0x02, 0x80, 0x00, 0x80, 0x00, 0x80,
		0x01, 0x80, 0x00, 0x80, 0x01, 0x80, 0x03, 0x80, 0x00, 0x80, 0x00, 0x80,
		0x02, 0x80, 0x00, 0x80, 0x00, 0x80, 0x02, 0x80, 0x00, 0x80, 0x00, 0x80,
		0x02, 0x80, 0x03, 0x80, 0x00, 0x80, 0x00, 0x80, 0x00, 0x80, 0x03, 0x80,
		0x01, 0x80, 0x00, 0x80, 0x00, 0x80, 0x03, 0x80, 0x00, 0x80, 0x00, 0x80,
		0x00, 0x80, 0x00, 0x80, 0x01, 0x80, 0x02, 0x80, 0x00, 0x80, 0x00, 0x80,
		0x03, 0x80, 0x03, 0x80, 0x00, 0x80, 0x00, 0x80, 0x04, 0x80, 0x02, 0x80,
		0x00, 0x80, 0x00, 0x80, 0x01, 0x80, 0x02, 0x80, 0x01, 0x80, 0x00, 0x80,
		0x00, 0x80, 0x00, 0x80, 0x00, 0x80, 0x00, 0x80, 0x01, 0x80, 0x00, 0x80,
		0x00, 0x80, 0x00, 0x80, 0x01, 0x80, 0x00, 0x80, 0x01, 0x80, 0x01, 0x80,
		0x00, 0x80, 0x00, 0x80, 0x03, 0x80, 0x04, 0x80, 0x00, 0x80, 0x00, 0x80,
		0x02, 0x80, 0x01, 0x80, 0x00, 0x80, 0x01, 0x80, 0x00, 0x80, 0x00, 0x80,
		0x00, 0x80, 0x02, 0x80, 0x01, 0x80, 0x00, 0x80, 0x00, 0x80, 0x01, 0x80,
		0x01, 0x80, 0x00, 0x80, 0x00, 0x80, 0x00, 0x80, 0x00, 0x80, 0x01, 0x80,
		0x01, 0x80, 0x00, 0x80, 0x00, 0x80, 0x01, 0x80, 0x01, 0x80, 0x00, 0x80,
		0x00, 0x80, 0x00, 0x80, 0x01, 0x80, 0x03, 0x80, 0x00, 0x80, 0x00, 0x80,
		0x00, 0x80, 0x02, 0x80, 0x02, 0x80, 0x00, 0x80, 0x00, 0x80, 0x00, 0x80,
		0x03, 0x80, 0x01, 0x80, 0x00, 0x80, 0x00, 0x80, 0x02, 0x80, 0x00, 0x80,
		0x00, 0x80, 0x00, 0x80, 0x01, 0x80, 0x00, 0x80, 0x00, 0x80, 0x00, 0x80,
		0x01, 0x80, 0x01, 0x80, 0x00, 0x80, 0x00, 0x80, 0x00, 0x80, 0x03, 0x80,
		0x02, 0x80, 0x00, 0x80, 0x00, 0x80, 0x02, 0x80, 0x03, 0x80, 0x00, 0x80,
		0x00, 0x80, 0x01, 0x80, 0x02, 0x80, 0x00, 0x80, 0x00, 0x80, 0x01, 0x80,
		0x00, 0x80, 0x00, 0x80, 0x02, 0x80, 0x00, 0x80, 0x00, 0x80, 0x02, 0x80,
		0x02, 0x80, 0x00, 0x80, 0x00, 0x80, 0x03, 0x80, 0x01, 0x80, 0x00, 0x80,
		0x00, 0x80, 0x01, 0x80, 0x04, 0x80, 0x00, 0x80, 0x00, 0x80, 0x00, 0x80,
		0x04, 0x80, 0x00, 0x80, 0x00, 0x80, 0x02, 0x80, 0xFF, 0x7F, 0xFE, 0x7F,
		0xFE, 0x7F, 0xFF, 0x7F, 0xFF, 0x7F, 0xFE, 0x7F, 0xFC, 0x7F, 0xFF, 0x7F,
		0xFF, 0x7F, 0xFF, 0x7F, 0xFD, 0x7F, 0xFF, 0x7F, 0xFF, 0x7F, 0xFE, 0x7F,
		0xFF, 0x7F, 0xFF, 0x7F, 0xFE, 0x7F, 0xFF, 0x7F, 0xFF, 0x7F, 0xFF, 0x7F,
		0xFF, 0x7F, 0xFF, 0x7F, 0xFF, 0x7F, 0xFF, 0x7F, 0xFF, 0x7F, 0xFF, 0x7F,
		0xFF, 0x7F, 0xFF, 0x7F, 0xFF, 0x7F, 0xFF, 0x7F, 0xFF, 0x7F, 0xFF, 0x7F,
		0xFF, 0x7F, 0xFF, 0x7F, 0xFF, 0x7F, 0xFF, 0x7F, 0xFF, 0x7F, 0xFF, 0x7F,
		0xFE, 0x7F, 0xFE, 0x7F, 0xFF, 0x7F, 0xFF, 0x7F, 0xFF, 0x7F, 0xFE, 0x7F,
		0xFF, 0x7F, 0xFF, 0x7F, 0xFF, 0x7F, 0xFF, 0x7F, 0xFF, 0x7F, 0xFF, 0x7F,
		0xFF, 0x7F, 0xFF, 0x7F, 0xFD, 0x7F, 0xFF, 0x7F, 0xFF, 0x7F, 0xFE, 0x7F,
		0xFB, 0x7F, 0xFF, 0x7F, 0xFF, 0x7F, 0xFE, 0x7F, 0xFF, 0x7F, 0xFF, 0x7F,
		0xFE, 0x7F, 0xFE, 0x7F, 0xFF, 0x7F, 0xFF, 0x7F, 0xFB, 0x7F, 0xFF, 0x7F,
		0xFF, 0x7F, 0xFF, 0x7F, 0xFE, 0x7F, 0xFF, 0x7F, 0xFF, 0x7F, 0xFF, 0x7F,
		0xFF, 0x7F, 0xFD, 0x7F, 0xFD, 0x7F, 0xFF, 0x7F, 0xFF, 0x7F, 0xFB, 0x7F,
		0xFD, 0x7F, 0xFF, 0x7F, 0xFF, 0x7F, 0xFD, 0x7F, 0xFF, 0x7F, 0xFF, 0x7F,
		0xFF, 0x7F, 0xFE, 0x7F, 0xFF, 0x7F, 0xFF, 0x7F, 0xFD, 0x7F, 0xFE, 0x7F,
		0xFF, 0x7F, 0xFF, 0x7F, 0xFC, 0x7F, 0xFF, 0x7F, 0xFF, 0x7F, 0xFD, 0x7F,
		0xFE, 0x7F, 0xFF, 0x7F, 0xFF, 0x7F, 0xFC, 0x7F, 0xFF, 0x7F, 0xFF, 0x7F,
		0xFF, 0x7F, 0xFF, 0x7F, 0xFF, 0x7F, 0xFD, 0x7F, 0xFF, 0x7F, 0xFF, 0x7F,
		0xFF, 0x7F, 0xFC, 0x7F, 0xFF, 0x7F, 0xFF, 0x7F, 0xFD, 0x7F, 0xFC, 0x7F,
		0xFF, 0x7F, 0xFF, 0x7F, 0xFE, 0x7F, 0xFF, 0x7F, 0xFF, 0x7F, 0xFF, 0x7F,
		0xFF, 0x7F, 0xFF, 0x7F, 0xFF, 0x7F, 0xFE, 0x7F, 0xFF, 0x7F, 0xFF, 0x7F,
		0xFF, 0x7F, 0xFF, 0x7F, 0xFF, 0x7F, 0xFE, 0x7F, 0xFE, 0x7F, 0xFF, 0x7F,
		0xFF, 0x7F, 0xFD, 0x7F, 0xFE, 0x7F, 0xFF, 0x7F, 0xFF, 0x7F, 0xFF, 0x7F,
		0xFF, 0x7F, 0xFE, 0x7F, 0xFD, 0x7F, 0xFF, 0x7F, 0xFF, 0x7F, 0xFF, 0x7F,
		0xFD, 0x7F, 0xFF, 0x7F, 0xFF, 0x7F, 0xFF, 0x7F, 0xFD, 0x7F, 0xFF, 0x7F,
		0xFF, 0x7F, 0xFF, 0x7F, 0xFE, 0x7F, 0xFF, 0x7F, 0xFF, 0x7F, 0xFD, 0x7F,
		0xFF, 0x7F, 0xFF, 0x7F, 0xFD, 0x7F, 0xFC, 0x7F, 0xFF, 0x7F, 0xFF, 0x7F,
		0xFD, 0x7F, 0xFC, 0x7F, 0xFF, 0x7F, 0xFF, 0x7F, 0xFE, 0x7F, 0xFE, 0x7F,
		0xFF, 0x7F, 0xFF, 0x7F, 0xFF, 0x7F, 0xFE, 0x7F, 0xFF, 0x7F, 0xFF, 0x7F,
		0xFF, 0x7F, 0xFD, 0x7F, 0xFF, 0x7F, 0xFF, 0x7F, 0xFF, 0x7F, 0xFC, 0x7F,
		0xFF, 0x7F, 0xFF, 0x7F, 0xFF, 0x7F, 0xFC, 0x7F, 0xFF, 0x7F, 0xFF, 0x7F,
		0xFF, 0x7F, 0xFF, 0x7F, 0xFE, 0x7F, 0xFF, 0x7F, 0xFF, 0x7F, 0xFF, 0x7F,
		0xFC, 0x7F, 0xFE, 0x7F, 0xFF, 0x7F, 0xFF, 0x7F, 0xFD, 0x7F, 0xFE, 0x7F,
		0xFF, 0x7F, 0xFF, 0x7F, 0xFF, 0x7F, 0xFE, 0x7F, 0xFF, 0x7F, 0xFF, 0x7F,
		0xFF, 0x7F, 0xFE, 0x7F, 0xFF, 0x7F, 0xFF, 0x7F, 0xFF, 0x7F, 0xFE, 0x7F,
		0xFF, 0x7F, 0xFF, 0x7F, 0xFF, 0x7F, 0xFE, 0x7F, 0xFE, 0x7F, 0xFF, 0x7F,
		0xFF, 0x7F, 0xFF, 0x7F, 0xFC, 0x7F, 0xFF, 0x7F, 0xFF, 0x7F, 0xFF, 0x7F,
		0xFD, 0x7F, 0xFD, 0x7F, 0xFF, 0x7F, 0xFF, 0x7F, 0xFF, 0x7F, 0xFB, 0x7F,
		0xFE, 0x7F, 0xFF, 0x7F, 0xFF, 0x7F, 0xFD, 0x7F, 0xFD, 0x7F, 0xFF, 0x7F,
		0xFF, 0x7F, 0xFE, 0x7F, 0xFD, 0x7F, 0xFF, 0x7F, 0xFF, 0x7F, 0xFF, 0x7F,
		0xFC, 0x7F, 0xFF, 0x7F, 0xFF, 0x7F, 0xFF, 0x7F, 0xFB, 0x7F, 0xFE, 0x7F,
		0xFF, 0x7F, 0xFF, 0x7F, 0xFD, 0x7F, 0xFE, 0x7F, 0xFF, 0x7F, 0xFF, 0x7F,
		0xFF, 0x7F, 0xFF, 0x7F, 0xFE, 0x7F, 0xFF, 0x7F, 0xFF, 0x7F, 0xFF, 0x7F,
		0xFF, 0x7F, 0xFE, 0x7F, 0xFF, 0x7F, 0xFF, 0x7F, 0xFF, 0x7F, 0xFF, 0x7F,
		0xFF, 0x7F, 0xFE, 0x7F, 0xFF, 0x7F, 0xFF, 0x7F, 0xFF, 0x7F, 0xFF, 0x7F,
		0xFF, 0x7F, 0xFF, 0x7F, 0xFF, 0x7F, 0xFF, 0x7F, 0xFF, 0x7F, 0xFF, 0x7F,
		0xFF, 0x7F, 0xFF, 0x7F, 0xFF, 0x7F, 0xFF, 0x7F, 0xFF, 0x7F, 0xFF, 0x7F,
		0xFE, 0x7F, 0xFF, 0x7F, 0xFF, 0x7F, 0xFF, 0x7F, 0xFD, 0x7F, 0xFF, 0x7F,
		0xFF, 0x7F, 0xFF, 0x7F, 0xFF, 0x7F, 0xFF, 0x7F, 0xFF, 0x7F, 0xFF, 0x7F,
		0xFF, 0x7F, 0xFF, 0x7F, 0xFF, 0x7F, 0xFF, 0x7F, 0xFF, 0x7F, 0xFF, 0x7F,
		0xFF, 0x7F, 0xFE, 0x7F, 0xFF, 0x7F, 0xFF, 0x7F, 0xFF, 0x7F, 0xFF, 0x7F,
		0xFF, 0x7F, 0xFF, 0x7F, 0xFF, 0x7F, 0xFF, 0x7F, 0xFF, 0x7F, 0xFF, 0x7F,
		0xFF, 0x7F, 0xFF, 0x7F, 0xFF, 0x7F, 0xFF, 0x7F, 0xFC, 0x7F, 0xFD, 0x7F,
		0xFF, 0x7F, 0xFF, 0x7F, 0xFC, 0x7F, 0xFF, 0x7F, 0xFF, 0x7F, 0xFF, 0x7F,
		0xFF, 0x7F, 0xFF, 0x7F, 0xFF, 0x7F, 0xFF, 0x7F, 0xFF, 0x7F, 0xFE, 0x7F,
		0xFF, 0x7F, 0xFF, 0x7F, 0x00, 0x80, 0x00, 0x80, 0x01, 0x80, 0x02, 0x80,
		0x00, 0x80, 0x00, 0x80, 0x02, 0x80, 0x02, 0x80, 0x00, 0x80, 0x00, 0x80,
		0x01, 0x80, 0x02, 0x80, 0x00, 0x80, 0x00, 0x80, 0x00, 0x80, 0x01, 0x80,
		0x02, 0x80, 0x00, 0x80, 0x00, 0x80, 0x00, 0x80, 0x01, 0x80, 0x02, 0x80,
		0x00, 0x80, 0x00, 0x80, 0x01, 0x80, 0x01, 0x80, 0x00, 0x80, 0x00, 0x80,
		0x00, 0x80, 0x00, 0x80, 0x02, 0x80, 0x00, 0x80, 0x00, 0x80, 0x02, 0x80,
		0x05, 0x80, 0x00, 0x80, 0x00, 0x80, 0x03, 0x80, 0x05, 0x80, 0x00, 0x80,
		0x00, 0x80, 0x00, 0x80, 0x02, 0x80, 0x02, 0x80, 0x00, 0x80, 0x00, 0x80,
		0x01, 0x80, 0x01, 0x80, 0x00, 0x80, 0x00, 0x80, 0x00, 0x80, 0x00, 0x80,
		0x01, 0x80, 0x02, 0x80, 0x00, 0x80, 0x00, 0x80, 0x02, 0x80, 0x01, 0x80,
		0x00, 0x80, 0x00, 0x80, 0x02, 0x80, 0x02, 0x80, 0x00, 0x80, 0x00, 0x80,
		0x01, 0x80, 0x04, 0x80, 0x00, 0x80, 0x00, 0x80, 0x02, 0x80, 0x05, 0x80,
		0x00, 0x80, 0x00, 0x80, 0x04, 0x80, 0x00, 0x80, 0x00, 0x80, 0x02, 0x80,
		0x00, 0x80, 0x00, 0x80, 0x04, 0x80, 0x03, 0x80, 0x00, 0x80, 0x00, 0x80,
		0x06, 0x80, 0x01, 0x80, 0x00, 0x80, 0x00, 0x80, 0x04, 0x80, 0x01, 0x80,
		0x00, 0x80, 0x00, 0x80, 0x03, 0x80, 0x01, 0x80, 0x00, 0x80, 0x00, 0x80,
		0x02, 0x80, 0x01, 0x80, 0x00, 0x80, 0x00, 0x80, 0x00, 0x80, 0x02, 0x80,
		0x03, 0x80, 0x00, 0x80, 0x00, 0x80, 0x01, 0x80, 0x03, 0x80, 0x00, 0x80,
		0x00, 0x80, 0x00, 0x80, 0x03, 0x80, 0x01, 0x80, 0x00, 0x80, 0x00, 0x80,
		0x00, 0x80, 0x00, 0x80, 0x02, 0x80, 0x01, 0x80, 0x00, 0x80, 0x00, 0x80,
		0x02, 0x80, 0x00, 0x80, 0x00, 0x80, 0x03, 0x80, 0x00, 0x80, 0x00, 0x80,
		0x03, 0x80, 0x00, 0x80, 0x00, 0x80, 0x02, 0x80, 0x02, 0x80, 0x00, 0x80,
		0x00, 0x80, 0x02, 0x80, 0x01, 0x80, 0x00, 0x80, 0x00, 0x80, 0x00, 0x80,
		0x02, 0x80, 0x01, 0x80, 0x00, 0x80, 0x00, 0x80, 0x01, 0x80, 0x00, 0x80,
		0x00, 0x80, 0x00, 0x80, 0x01, 0x80, 0x01, 0x80, 0x00, 0x80, 0x00, 0x80,
		0x02, 0x80, 0x01, 0x80, 0x00, 0x80, 0x00, 0x80, 0x00, 0x80, 0x00, 0x80,
		0x01, 0x80, 0x00, 0x80, 0x00, 0x80, 0x01, 0x80, 0x00, 0x80, 0x00, 0x80,
		0x01, 0x80, 0x03, 0x80, 0x00, 0x80, 0x00, 0x80, 0x02, 0x80, 0x02, 0x80,
		0x00, 0x80, 0x00, 0x80, 0x01, 0x80, 0x03, 0x80, 0x00, 0x80, 0x00, 0x80,
		0x00, 0x80, 0x05, 0x80, 0x00, 0x80, 0x00, 0x80, 0x00, 0x80, 0x05, 0x80,
		0x01, 0x80, 0x00, 0x80, 0x00, 0x80, 0x04, 0x80, 0x00, 0x80, 0x00, 0x80,
		0x00, 0x80, 0x03, 0x80, 0x00, 0x80, 0x00, 0x80, 0x00, 0x80, 0x00, 0x80,
		0x01, 0x80, 0x03, 0x80, 0x00, 0x80, 0x00, 0x80, 0x01, 0x80, 0x03, 0x80,
		0x00, 0x80, 0x00, 0x80, 0x00, 0x80, 0x00, 0x80, 0x00, 0x80, 0x02, 0x80,
		0x02, 0x80, 0x00, 0x80, 0x00, 0x80, 0x02, 0x80, 0x03, 0x80, 0x00, 0x80,
		0x00, 0x80, 0x02, 0x80, 0x03, 0x80, 0x00, 0x80, 0x00, 0x80, 0x00, 0x80,
		0x01, 0x80, 0x01, 0x80, 0x00, 0x80, 0x00, 0x80, 0x01, 0x80, 0x01, 0x80,
		0x00, 0x80, 0x01, 0x80, 0x02, 0x80, 0x00, 0x80, 0x00, 0x80, 0x00, 0x80,
		0x01, 0x80, 0x01, 0x80, 0x00, 0x80, 0x00, 0x80, 0x01, 0x80, 0x01, 0x80,
		0x00, 0x80, 0x01, 0x80, 0x01, 0x80, 0x00, 0x80, 0x00, 0x80, 0x03, 0x80,
		0x00, 0x80, 0x00, 0x80, 0x01, 0x80, 0x04, 0x80, 0x00, 0x80, 0x00, 0x80,
		0x01, 0x80, 0x02, 0x80, 0x00, 0x80, 0x00, 0x80, 0x00, 0x80, 0x00, 0x80,
		0x02, 0x80, 0x01, 0x80, 0x00, 0x80, 0x00, 0x80, 0x03, 0x80, 0x00, 0x80,
		0x00, 0x80, 0x00, 0x80, 0x01, 0x80, 0x00, 0x80, 0x00, 0x80, 0x01, 0x80,
		0x00, 0x80, 0x00, 0x80, 0x01, 0x80, 0x00, 0x80, 0x00, 0x80, 0x01, 0x80,
		0x02, 0x80, 0x00, 0x80, 0x00, 0x80, 0x02, 0x80, 0x03, 0x80, 0x00, 0x80,
		0x00, 0x80, 0x00, 0x80, 0x03, 0x80, 0x01, 0x80, 0x00, 0x80, 0x00, 0x80,
		0x01, 0x80, 0x02, 0x80, 0x00, 0x80, 0x00, 0x80, 0x00, 0x80, 0x00, 0x80,
		0x00, 0x80, 0x00, 0x80, 0x00, 0x80, 0x00, 0x80, 0x02, 0x80, 0x00, 0x80,
		0x00, 0x80, 0x00, 0x80, 0x00, 0x80, 0x00, 0x80, 0x01, 0x80, 0x00, 0x80,
		0x00, 0x80, 0x02, 0x80, 0x02, 0x80, 0x00, 0x80, 0x00, 0x80, 0x04, 0x80,
		0x01, 0x80, 0x00, 0x80, 0x00, 0x80, 0x03, 0x80, 0x03, 0x80, 0x00, 0x80,
		0x00, 0x80, 0x00, 0x80, 0x05, 0x80, 0x01, 0x80, 0x00, 0x80, 0x00, 0x80,
		0x05, 0x80, 0x00, 0x80, 0x00, 0x80, 0x00, 0x80, 0x04, 0x80, 0x01, 0x80,
		0x00, 0x80, 0x00, 0x80, 0x00, 0x3F, 0x00, 0x3F, 0xFF, 0x7F, 0xFF, 0x7F,
		0xFE, 0x7F, 0xFE, 0x7F, 0xFF, 0x7F, 0xFF, 0x7F, 0xFF, 0x7F, 0xFD, 0x7F,
		0xFF, 0x7F, 0xFF, 0x7F, 0xFF, 0x7F, 0xFF, 0x7F, 0xFF, 0x7F, 0xFE, 0x7F,
		0xFF, 0x7F, 0xFF, 0x7F, 0xFF, 0x7F, 0xFD, 0x7F, 0xFF, 0x7F, 0xFF, 0x7F,
		0xFF, 0x7F, 0xFF, 0x7F, 0xFF, 0x7F, 0xFF, 0x7F, 0xFF, 0x7F, 0xFE, 0x7F,
		0xFF, 0x7F, 0xFF, 0x7F, 0xFF, 0x7F, 0xFD, 0x7F, 0xFF, 0x7F, 0xFF, 0x7F,
		0xFE, 0x7F, 0xFD, 0x7F, 0xFF, 0x7F, 0xFF, 0x7F, 0xFE, 0x7F, 0xFE, 0x7F,
		0xFF, 0x7F, 0xFF, 0x7F, 0xFF, 0x7F, 0xFD, 0x7F, 0xFD, 0x7F, 0xFF, 0x7F,
		0xFF, 0x7F, 0xFE, 0x7F, 0xFE, 0x7F, 0xFF, 0x7F, 0xFF, 0x7F, 0xFF, 0x7F,
		0xFE, 0x7F, 0xFF, 0x7F, 0xFF, 0x7F, 0xFF, 0x7F, 0xFD, 0x7F, 0xFF, 0x7F,
		0xFF, 0x7F, 0xFF, 0x7F, 0xFD, 0x7F, 0xFC, 0x7F, 0xFF, 0x7F, 0xFF, 0x7F,
		0xFF, 0x7F, 0xFB, 0x7F, 0xFF, 0x7F, 0xFF, 0x7F, 0xFF, 0x7F, 0xFE, 0x7F,
		0xFF, 0x7F, 0xFF, 0x7F, 0xFE, 0x7F, 0xFF, 0x7F, 0xFF, 0x7F, 0xFF, 0x7F,
		0xFF, 0x7F, 0xFE, 0x7F, 0xFF, 0x7F, 0xFF, 0x7F, 0xFF, 0x7F, 0xFB, 0x7F,
		0xFF, 0x7F, 0xFF, 0x7F, 0xFF, 0x7F, 0xFE, 0x7F, 0xFF, 0x7F, 0xFF, 0x7F,
		0xFF, 0x7F, 0xFF, 0x7F, 0xFF, 0x7F, 0xFF, 0x7F, 0xFE, 0x7F, 0xFF, 0x7F,
		0xFF, 0x7F, 0xFF, 0x7F, 0xFD, 0x7F, 0xFF, 0x7F, 0xFF, 0x7F, 0xFF, 0x7F,
		0xFF, 0x7F, 0xFF, 0x7F, 0xFF, 0x7F, 0xFF, 0x7F, 0xFF, 0x7F, 0xFF, 0x7F,
		0xFF, 0x7F, 0xFF, 0x7F, 0xFF, 0x7F, 0xFF, 0x7F, 0xFF, 0x7F, 0xFF, 0x7F,
		0xFF, 0x7F, 0xFF, 0x7F, 0xFF, 0x7F, 0xFF, 0x7F, 0xFF, 0x7F, 0xFF, 0x7F,
		0xFF, 0x7F, 0xFF, 0x7F, 0xFF, 0x7F, 0xFF, 0x7F, 0xFF, 0x7F, 0xFF, 0x7F,
		0xFF, 0x7F, 0xFF, 0x7F, 0xFE, 0x7F, 0xFD, 0x7F, 0xFF, 0x7F, 0xFF, 0x7F,
		0xFF, 0x7F, 0xFE, 0x7F, 0xFF, 0x7F, 0xFF, 0x7F, 0xFF, 0x7F, 0xFF, 0x7F,
		0xFF, 0x7F, 0xFF, 0x7F, 0xFF, 0x7F, 0xFF, 0x7F, 0xFF, 0x7F, 0xFF, 0x7F,
		0xFF, 0x7F, 0xFE, 0x7F, 0xFF, 0x7F, 0xFF, 0x7F, 0xFE, 0x7F, 0xFF, 0x7F,
		0xFF, 0x7F, 0xFF, 0x7F, 0xFE, 0x7F, 0xFF, 0x7F, 0xFF, 0x7F, 0xFF, 0x7F,
		0xFF, 0x7F, 0xFF, 0x7F, 0xFE, 0x7F, 0xFF, 0x7F, 0xFF, 0x7F, 0xFF, 0x7F,
		0xFE, 0x7F, 0xFE, 0x7F, 0xFF, 0x7F, 0xFF, 0x7F, 0xFF, 0x7F, 0xFF, 0x7F,
		0xFF, 0x7F, 0xFD, 0x7F, 0xFF, 0x7F, 0xFF, 0x7F, 0xFF, 0x7F, 0xFA, 0x7F,
		0xFF, 0x7F, 0xFF, 0x7F, 0xFF, 0x7F, 0xFD, 0x7F, 0xFE, 0x7F, 0xFF, 0x7F,
		0xFF, 0x7F, 0xFF, 0x7F, 0xFE, 0x7F, 0xFF, 0x7F, 0xFF, 0x7F, 0xFF, 0x7F,
		0xFF, 0x7F, 0xFF, 0x7F, 0xFF, 0x7F, 0xFF, 0x7F, 0xFE, 0x7F, 0xFF, 0x7F,
		0xFF, 0x7F, 0xFF, 0x7F, 0xFC, 0x7F, 0xFD, 0x7F, 0xFF, 0x7F, 0xFF, 0x7F,
		0xFD, 0x7F, 0xFE, 0x7F, 0xFF, 0x7F, 0xFF, 0x7F, 0xFF, 0x7F, 0xFF, 0x7F,
		0xFF, 0x7F, 0xFF, 0x7F, 0xFE, 0x7F, 0xFF, 0x7F, 0xFF, 0x7F, 0xFF, 0x7F,
		0xFF, 0x7F, 0xFF, 0x7F, 0xFF, 0x7F, 0xFF, 0x7F, 0xFF, 0x7F, 0xFF, 0x7F,
		0xFE, 0x7F, 0xFF, 0x7F, 0xFF, 0x7F, 0xFF, 0x7F, 0xFF, 0x7F, 0xFF, 0x7F,
		0xFF, 0x7F, 0xFF, 0x7F, 0xFF, 0x7F, 0xFE, 0x7F, 0xFF, 0x7F, 0xFF, 0x7F,
		0xFF, 0x7F, 0xFD, 0x7F, 0xFF, 0x7F, 0xFF, 0x7F, 0xFF, 0x7F, 0xFD, 0x7F,
		0xFF, 0x7F, 0xFF, 0x7F, 0xFE, 0x7F, 0xFD, 0x7F, 0xFF, 0x7F, 0xFF, 0x7F,
		0xFD, 0x7F, 0xFF, 0x7F, 0xFF, 0x7F, 0xFF, 0x7F, 0xFD, 0x7F, 0xFF, 0x7F,
		0xFF, 0x7F, 0xFE, 0x7F, 0xFC, 0x7F, 0xFF, 0x7F, 0xFF, 0x7F, 0xFE, 0x7F,
		0xFB, 0x7F, 0xFF, 0x7F, 0xFF, 0x7F, 0xFF, 0x7F, 0xFF, 0x7F, 0xFE, 0x7F,
		0xFF, 0x7F, 0xFF, 0x7F, 0xFF, 0x7F, 0xFD, 0x7F, 0xFD, 0x7F, 0xFF, 0x7F,
		0xFF, 0x7F, 0xFE, 0x7F, 0xFF, 0x7F, 0xFF, 0x7F, 0xFF, 0x7F, 0xFF, 0x7F,
		0xFF, 0x7F, 0xFF, 0x7F, 0xFE, 0x7F, 0xFF, 0x7F, 0xFF, 0x7F, 0xFF, 0x7F,
		0xFE, 0x7F, 0xFF, 0x7F, 0xFF, 0x7F, 0xFF, 0x7F, 0xFF, 0x7F, 0xFF, 0x7F,
		0xFF, 0x7F, 0xFF, 0x7F, 0xFF, 0x7F, 0xFF, 0x7F, 0xFF, 0x7F, 0xFF, 0x7F,
		0xFF, 0x7F, 0xFF, 0x7F, 0xFF, 0x7F, 0xFF, 0x7F, 0xFD, 0x7F, 0xFF, 0x7F,
		0xFF, 0x7F, 0xFF, 0x7F, 0xFE, 0x7F, 0xFF, 0x7F, 0xFF, 0x7F, 0xFF, 0x7F,
		0xFF, 0x7F, 0xFE, 0x7F, 0xFF, 0x7F, 0xFF, 0x7F, 0xFD, 0x7F, 0xFE, 0x7F,
		0xFF, 0x7F, 0xFF, 0x7F, 0x00, 0x80, 0x00, 0x80, 0x03, 0x80, 0x02, 0x80,
		0x00, 0x80, 0x00, 0x80, 0x00, 0x80, 0x02, 0x80, 0x03, 0x80, 0x00, 0x80,
		0x00, 0x80, 0x00, 0x80, 0x04, 0x80, 0x01, 0x80, 0x00, 0x80, 0x00, 0x80,
		0x01, 0x80, 0x02, 0x80, 0x00, 0x80, 0x00, 0x80, 0x00, 0x80, 0x00, 0x80,
		0x00, 0x80, 0x01, 0x80, 0x00, 0x80, 0x00, 0x80, 0x00, 0x80, 0x02, 0x80,
		0x00, 0x80, 0x00, 0x80, 0x01, 0x80, 0x00, 0x80, 0x00, 0x80, 0x00, 0x80,
		0x00, 0x80, 0x00, 0x80, 0x00, 0x80, 0x02, 0x80, 0x00, 0x80, 0x00, 0x80,
		0x02, 0x80, 0x00, 0x80, 0x00, 0x80, 0x00, 0x80, 0x04, 0x80, 0x00, 0x80,
		0x00, 0x80, 0x00, 0x80, 0x03, 0x80, 0x02, 0x80, 0x00, 0x80, 0x00, 0x80,
		0x00, 0x80, 0x02, 0x80, 0x01, 0x80, 0x00, 0x80, 0x00, 0x80, 0x00, 0x80,
		0x01, 0x80, 0x00, 0x80, 0x00, 0x80, 0x00, 0x80, 0x00, 0x80, 0x02, 0x80,
		0x00, 0x80, 0x00, 0x80, 0x01, 0x80, 0x00, 0x80, 0x00, 0x80, 0x00, 0x80,
		0x01, 0x80, 0x00, 0x80, 0x00, 0x80, 0x00, 0x80, 0x00, 0x80, 0x01, 0x80,
		0x00, 0x80, 0x00, 0x80, 0x02, 0x80, 0x00, 0x80, 0x00, 0x80, 0x01, 0x80,
		0x03, 0x80, 0x00, 0x80, 0x00, 0x80, 0x03, 0x80, 0x00, 0x80, 0x00, 0x80,
		0x02, 0x80, 0x02, 0x80, 0x00, 0x80, 0x00, 0x80, 0x00, 0x80, 0x00, 0x80,
		0x02, 0x80, 0x03, 0x80, 0x00, 0x80, 0x00, 0x80, 0x01, 0x80, 0x03, 0x80,
		0x01, 0x80, 0x00, 0x80, 0x00, 0x80, 0x03, 0x80, 0x03, 0x80, 0x00, 0x80,
		0x00, 0x80, 0x03, 0x80, 0x02, 0x80, 0x00, 0x80, 0x00, 0x80, 0x00, 0x80,
		0x02, 0x80, 0x02, 0x80, 0x00, 0x80, 0x00, 0x80, 0x04, 0x80, 0x05, 0x80,
		0x00, 0x80, 0x00, 0x80, 0x02, 0x80, 0x02, 0x80, 0x00, 0x80, 0x00, 0x80,
		0x04, 0x80, 0x01, 0x80, 0x00, 0x80, 0x00, 0x80, 0x04, 0x80, 0x01, 0x80,
		0x00, 0x80, 0x00, 0x80, 0x03, 0x80, 0x01, 0x80, 0x00, 0x80, 0x00, 0x80,
		0x00, 0x80, 0x02, 0x80, 0x02, 0x80, 0x00, 0x80, 0x00, 0x80, 0x00, 0x80,
		0x04, 0x80, 0x01, 0x80, 0x00, 0x80, 0x00, 0x80, 0x01, 0x80, 0x01, 0x80,
		0x00, 0x80, 0x00, 0x80, 0x00, 0x80, 0x00, 0x80, 0x00, 0x80, 0x02, 0x80,
		0x01, 0x80, 0x00, 0x80, 0x00, 0x80, 0x00, 0x80, 0x02, 0x80, 0x01, 0x80,
		0x00, 0x80, 0x00, 0x80, 0x00, 0x80, 0x00, 0x80, 0x01, 0x80, 0x01, 0x80,
		0x00, 0x80, 0x00, 0x80, 0x01, 0x80, 0x03, 0x80, 0x00, 0x80, 0x00, 0x80,
		0x01, 0x80, 0x04, 0x80, 0x00, 0x80, 0x00, 0x80, 0x01, 0x80, 0x00, 0x80,
		0x00, 0x80, 0x01, 0x80, 0x00, 0x80, 0x00, 0x80, 0x01, 0x80, 0x01, 0x80,
		0x00, 0x80, 0x01, 0x80, 0x00, 0x80, 0x00, 0x80, 0x01, 0x80, 0x02, 0x80,
		0x00, 0x80, 0x00, 0x80, 0x01, 0x80, 0x01, 0x80, 0x00, 0x80, 0x00, 0x80,
		0x01, 0x80, 0x00, 0x80, 0x00, 0x80, 0x02, 0x80, 0x01, 0x80, 0x00, 0x80,
		0x00, 0x80, 0x03, 0x80, 0x01, 0x80, 0x00, 0x80, 0x00, 0x80, 0x00, 0x80,
		0x02, 0x80, 0x02, 0x80, 0x00, 0x80, 0x00, 0x80, 0x00, 0x80, 0x03, 0x80,
		0x02, 0x80, 0x00, 0x80, 0x00, 0x80, 0x00, 0x80, 0x04, 0x80, 0x01, 0x80,
		0x00, 0x80, 0x00, 0x80, 0x05, 0x80, 0x00, 0x80, 0x00, 0x80, 0x01, 0x80,
		0x02, 0x80, 0x00, 0x80, 0x00, 0x80, 0x01, 0x80, 0x00, 0x80, 0x00, 0x80,
		0x00, 0x80, 0x00, 0x80, 0x01, 0x80, 0x00, 0x80, 0x00, 0x80, 0x01, 0x80,
		0x01, 0x80, 0x00, 0x80, 0x00, 0x80, 0x00, 0x80, 0x00, 0x80, 0x01, 0x80,
		0x00, 0x80, 0x00, 0x80, 0x01, 0x80, 0x01, 0x80, 0x00, 0x80, 0x00, 0x80,
		0x01, 0x80, 0x02, 0x80, 0x00, 0x80, 0x00, 0x80, 0x02, 0x80, 0x05, 0x80,
		0x00, 0x80, 0x00, 0x80, 0x01, 0x80, 0x02, 0x80, 0x00, 0x80, 0x00, 0x80,
		0x00, 0x80, 0x00, 0x80, 0x01, 0x80, 0x00, 0x80, 0x00, 0x80, 0x02, 0x80,
		0x05, 0x80, 0x00, 0x80, 0x00, 0x80, 0x03, 0x80, 0x04, 0x80, 0x00, 0x80,
		0x00, 0x80, 0x00, 0x80, 0x00, 0x80, 0x01, 0x80, 0x02, 0x80, 0x00, 0x80,
		0x00, 0x80, 0x01, 0x80, 0x00, 0x80, 0x00, 0x80, 0x01, 0x80, 0x01, 0x80,
		0x00, 0x80, 0x00, 0x80, 0x02, 0x80, 0x01, 0x80, 0x00, 0x80, 0x00, 0x80,
		0x00, 0x80, 0x01, 0x80, 0x00, 0x80, 0x00, 0x80, 0x01, 0x80, 0x04, 0x80,
		0x00, 0x80, 0x00, 0x80, 0x01, 0x80, 0x03, 0x80, 0x00, 0x80, 0x00, 0x80,
		0xFF, 0x7F, 0xFF, 0x7F, 0xFF, 0x7F, 0xFF, 0x7F, 0xFF, 0x7F, 0xFE, 0x7F,
		0xFF, 0x7F, 0xFF, 0x7F, 0xFF, 0x7F, 0xFE, 0x7F, 0xFF, 0x7F, 0xFF, 0x7F,
		0xFF, 0x7F, 0xFF, 0x7F, 0xFF, 0x7F, 0xFF, 0x7F, 0xFE, 0x7F, 0xFF, 0x7F,
		0xFF, 0x7F, 0xFE, 0x7F, 0xFD, 0x7F, 0xFF, 0x7F, 0xFF, 0x7F, 0xFF, 0x7F,
		0xFF, 0x7F, 0xFF, 0x7F, 0xFF, 0x7F, 0xFF, 0x7F, 0xFF, 0x7F, 0xFF, 0x7F,
		0xFF, 0x7F, 0xFF, 0x7F, 0xFF, 0x7F, 0xFF, 0x7F, 0xFF, 0x7F, 0xFD, 0x7F,
		0xFF, 0x7F, 0xFF, 0x7F, 0xFD, 0x7F, 0xFE, 0x7F, 0xFF, 0x7F, 0xFF, 0x7F,
		0xFE, 0x7F, 0xFF, 0x7F, 0xFF, 0x7F, 0xFF, 0x7F, 0xFF, 0x7F, 0xFF, 0x7F,
		0xFE, 0x7F, 0xFF, 0x7F, 0xFF, 0x7F, 0xFF, 0x7F, 0xFF, 0x7F, 0xFF, 0x7F,
		0xFF, 0x7F, 0xFF, 0x7F, 0xFF, 0x7F, 0xFE, 0x7F, 0xFF, 0x7F, 0xFF, 0x7F,
		0xFE, 0x7F, 0xFD, 0x7F, 0xFF, 0x7F, 0xFF, 0x7F, 0xFE, 0x7F, 0xFE, 0x7F,
		0xFF, 0x7F, 0xFF, 0x7F, 0xFF, 0x7F, 0xFF, 0x7F, 0xFF, 0x7F, 0xFF, 0x7F,
		0xFF, 0x7F, 0xFF, 0x7F, 0xFF, 0x7F, 0xFE, 0x7F, 0xFE, 0x7F, 0xFF, 0x7F,
		0xFF, 0x7F, 0xFF, 0x7F, 0xFD, 0x7F, 0xFF, 0x7F, 0xFF, 0x7F, 0xFF, 0x7F,
		0xFE, 0x7F, 0xFE, 0x7F, 0xFF, 0x7F, 0xFF, 0x7F, 0xFF, 0x7F, 0xFD, 0x7F,
		0xFF, 0x7F, 0xFF, 0x7F, 0xFD, 0x7F, 0xFD, 0x7F, 0xFF, 0x7F, 0xFF, 0x7F,
		0xFE, 0x7F, 0xFD, 0x7F, 0xFF, 0x7F, 0xFF, 0x7F, 0xFF, 0x7F, 0xFF, 0x7F,
		0xFF, 0x7F, 0xFF, 0x7F, 0xFF, 0x7F, 0xFF, 0x7F, 0xFF, 0x7F, 0xFF, 0x7F,
		0xFF, 0x7F, 0xFF, 0x7F, 0xFF, 0x7F, 0xFF, 0x7F, 0xFF, 0x7F, 0xFF, 0x7F,
		0xFF, 0x7F, 0xFF, 0x7F, 0xFF, 0x7F, 0xFF, 0x7F, 0xFD, 0x7F, 0xFF, 0x7F,
		0xFF, 0x7F, 0xFF, 0x7F, 0xFD, 0x7F, 0xFE, 0x7F, 0xFF, 0x7F, 0xFF, 0x7F,
		0xFE, 0x7F, 0xFD, 0x7F, 0xFF, 0x7F, 0xFF, 0x7F, 0xFF, 0x7F, 0xFC, 0x7F,
		0xFF, 0x7F, 0xFF, 0x7F, 0xFF, 0x7F, 0xFD, 0x7F, 0xFF, 0x7F, 0xFF, 0x7F,
		0xFF, 0x7F, 0xFF, 0x7F, 0xFF, 0x7F, 0xFE, 0x7F, 0xFF, 0x7F, 0xFF, 0x7F,
		0xFF, 0x7F, 0xFF, 0x7F, 0xFF, 0x7F, 0xFF, 0x7F, 0xFF, 0x7F, 0xFF, 0x7F,
		0xFF, 0x7F, 0xFF, 0x7F, 0xFF, 0x7F, 0xFE, 0x7F, 0xFF, 0x7F, 0xFF, 0x7F,
		0xFE, 0x7F, 0xFE, 0x7F, 0xFF, 0x7F, 0xFF, 0x7F, 0xFC, 0x7F, 0xFF, 0x7F,
		0xFF, 0x7F, 0xFF, 0x7F, 0xFC, 0x7F, 0xFF, 0x7F, 0xFF, 0x7F, 0xFE, 0x7F,
		0xFD, 0x7F, 0xFF, 0x7F, 0xFF, 0x7F, 0xFE, 0x7F, 0xFF, 0x7F, 0xFF, 0x7F,
		0xFF, 0x7F, 0xFF, 0x7F, 0xFF, 0x7F, 0xFF, 0x7F, 0xFE, 0x7F, 0xFF, 0x7F,
		0xFF, 0x7F, 0xFE, 0x7F, 0xFF, 0x7F, 0xFF, 0x7F, 0xFF, 0x7F, 0xFF, 0x7F,
		0xFF, 0x7F, 0xFF, 0x7F, 0xFF, 0x7F, 0xFF, 0x7F, 0xFC, 0x7F, 0xFE, 0x7F,
		0xFF, 0x7F, 0xFF, 0x7F, 0xF9, 0x7F, 0xFD, 0x7F, 0xFF, 0x7F, 0xFF, 0x7F,
		0xFA, 0x7F, 0xFE, 0x7F, 0xFF, 0x7F, 0xFF, 0x7F, 0xFE, 0x7F, 0xFF, 0x7F,
		0xFF, 0x7F, 0xFF, 0x7F, 0xFF, 0x7F, 0xFF, 0x7F, 0xFF, 0x7F, 0xFF, 0x7F,
		0xFF, 0x7F, 0xFC, 0x7F, 0xFF, 0x7F, 0xFF, 0x7F, 0xFF, 0x7F, 0xFB, 0x7F,
		0xFE, 0x7F, 0xFF, 0x7F, 0xFF, 0x7F, 0xFD, 0x7F, 0xFF, 0x7F, 0xFF, 0x7F,
		0xFF, 0x7F, 0xFD, 0x7F, 0xFF, 0x7F, 0xFF, 0x7F, 0xFE, 0x7F, 0xFE, 0x7F,
		0xFF, 0x7F, 0xFF, 0x7F, 0xFF, 0x7F, 0xFF, 0x7F, 0xFF, 0x7F, 0xFD, 0x7F,
		0xFF, 0x7F, 0xFF, 0x7F, 0xFF, 0x7F, 0xFE, 0x7F, 0xFE, 0x7F, 0xFF, 0x7F,
		0xFF, 0x7F, 0xFF, 0x7F, 0xFF, 0x7F, 0xFF, 0x7F, 0xFF, 0x7F, 0xFF, 0x7F,
		0xFF, 0x7F, 0xFD, 0x7F, 0xFE, 0x7F, 0xFF, 0x7F, 0xFF, 0x7F, 0xFC, 0x7F,
		0xFD, 0x7F, 0xFF, 0x7F, 0xFF, 0x7F, 0xFE, 0x7F, 0xFE, 0x7F, 0xFF, 0x7F,
		0xFF, 0x7F, 0xFF, 0x7F, 0xFF, 0x7F, 0xFE, 0x7F, 0xFF, 0x7F, 0xFF, 0x7F,
		0xFF, 0x7F, 0xFF, 0x7F, 0xFF, 0x7F, 0xFF, 0x7F, 0xFD, 0x7F, 0xFF, 0x7F,
		0xFF, 0x7F, 0xFF, 0x7F, 0xFE, 0x7F, 0xFF, 0x7F, 0xFF, 0x7F, 0xFF, 0x7F,
		0xFE, 0x7F, 0xFE, 0x7F, 0xFF, 0x7F, 0xFF, 0x7F, 0xFE, 0x7F, 0xFE, 0x7F,
		0xFF, 0x7F, 0xFF, 0x7F, 0xFF, 0x7F, 0xFF, 0x7F, 0x00, 0x80, 0x02, 0x80,
		0x02, 0x80, 0x00, 0x80, 0x00, 0x80, 0x03, 0x80, 0x00, 0x80, 0x00, 0x80,
		0x01, 0x80, 0x03, 0x80, 0x00, 0x80, 0x00, 0x80, 0x04, 0x80, 0x01, 0x80,
		0x00, 0x80, 0x00, 0x80, 0x02, 0x80, 0x01, 0x80, 0x00, 0x80, 0x00, 0x80,
		0x01, 0x80, 0x02, 0x80, 0x00, 0x80, 0x00, 0x80, 0x03, 0x80, 0x01, 0x80,
		0x00, 0x80, 0x00, 0x80, 0x03, 0x80, 0x00, 0x80, 0x00, 0x80, 0x00, 0x80,
		0x02, 0x80, 0x01, 0x80, 0x00, 0x80, 0x00, 0x80, 0x03, 0x80, 0x00, 0x80,
		0x00, 0x80, 0x00, 0x80, 0x00, 0x80, 0x00, 0x80, 0x01, 0x80, 0x01, 0x80,
		0x00, 0x80, 0x00, 0x80, 0x03, 0x80, 0x00, 0x80, 0x00, 0x80, 0x00, 0x80,
		0x03, 0x80, 0x00, 0x80, 0x00, 0x80, 0x01, 0x80, 0x02, 0x80, 0x00, 0x80,
		0x00, 0x80, 0x01, 0x80, 0x00, 0x80, 0x00, 0x80, 0x02, 0x80, 0x00, 0x80,
		0x00, 0x80, 0x01, 0x80, 0x02, 0x80, 0x00, 0x80, 0x00, 0x80, 0x03, 0x80,
		0x02, 0x80, 0x00, 0x80, 0x00, 0x80, 0x03, 0x80, 0x00, 0x80, 0x00, 0x80,
		0x00, 0x80, 0x02, 0x80, 0x01, 0x80, 0x00, 0x80, 0x00, 0x80, 0x00, 0x80,
		0x01, 0x80, 0x03, 0x80, 0x00, 0x80, 0x00, 0x80, 0x00, 0x80, 0x02, 0x80,
		0x01, 0x80, 0x00, 0x80, 0x00, 0x80, 0x00, 0x80, 0x00, 0x80, 0x00, 0x80,
		0x00, 0x80, 0x00, 0x80, 0x00, 0x80, 0x00, 0x80, 0x01, 0x80, 0x00, 0x80,
		0x00, 0x80, 0x00, 0x80, 0x01, 0x80, 0x00, 0x80, 0x00, 0x80, 0x00, 0x80,
		0x02, 0x80, 0x00, 0x80, 0x00, 0x80, 0x00, 0x80, 0x00, 0x80, 0x00, 0x80,
		0x03, 0x80, 0x01, 0x80, 0x00, 0x80, 0x00, 0x80, 0x05, 0x80, 0x02, 0x80,
		0x00, 0x80, 0x00, 0x80, 0x05, 0x80, 0x02, 0x80, 0x00, 0x80, 0x00, 0x80,
		0x04, 0x80, 0x02, 0x80, 0x00, 0x80, 0x00, 0x80, 0x02, 0x80, 0x02, 0x80,
		0x00, 0x80, 0x00, 0x80, 0x00, 0x80, 0x01, 0x80, 0x01, 0x80, 0x00, 0x80,
		0x00, 0x80, 0x01, 0x80, 0x02, 0x80, 0x00, 0x80, 0x00, 0x80, 0x01, 0x80,
		0x01, 0x80, 0x00, 0x80, 0x00, 0x80, 0x02, 0x80, 0x01, 0x80, 0x00, 0x80,
		0x00, 0x80, 0x02, 0x80, 0x03, 0x80, 0x00, 0x80, 0x00, 0x80, 0x03, 0x80,
		0x01, 0x80, 0x00, 0x80, 0x00, 0x80, 0x00, 0x80, 0x00, 0x80, 0x03, 0x80,
		0x03, 0x80, 0x00, 0x80, 0x00, 0x80, 0x06, 0x80, 0x03, 0x80, 0x00, 0x80,
		0x00, 0x80, 0x06, 0x80, 0x02, 0x80, 0x00, 0x80, 0x00, 0x80, 0x04, 0x80,
		0x01, 0x80, 0x00, 0x80, 0x00, 0x80, 0x01, 0x80, 0x02, 0x80, 0x01, 0x80,
		0x00, 0x80, 0x00, 0x80, 0x01, 0x80, 0x02, 0x80, 0x00, 0x80, 0x00, 0x80,
		0x00, 0x80, 0x00, 0x80, 0x00, 0x80, 0x00, 0x80, 0x01, 0x80, 0x00, 0x80,
		0x00, 0x80, 0x00, 0x80, 0x01, 0x80, 0x02, 0x80, 0x00, 0x80, 0x00, 0x80,
		0x02, 0x80, 0x01, 0x80, 0x00, 0x80, 0x00, 0x80, 0x03, 0x80, 0x00, 0x80,
		0x00, 0x80, 0x00, 0x80, 0x04, 0x80, 0x00, 0x80, 0x00, 0x80, 0x01, 0x80,
		0x01, 0x80, 0x01, 0x80, 0x01, 0x80, 0x00, 0x80, 0x00, 0x80, 0x02, 0x80,
		0x04, 0x80, 0x00, 0x80, 0x00, 0x80, 0x03, 0x80, 0x02, 0x80, 0x00, 0x80,
		0x00, 0x80, 0x02, 0x80, 0x00, 0x80, 0x00, 0x80, 0x02, 0x80, 0x02, 0x80,
		0x00, 0x80, 0x00, 0x80, 0x00, 0x80, 0x00, 0x80, 0x01, 0x80, 0x01, 0x80,
		0x00, 0x80, 0x00, 0x80, 0x00, 0x80, 0x00, 0x80, 0x03, 0x80, 0x01, 0x80,
		0x00, 0x80, 0x00, 0x80, 0x04, 0x80, 0x00, 0x80, 0x00, 0x80, 0x01, 0x80,
		0x02, 0x80, 0x00, 0x80, 0x00, 0x80, 0x01, 0x80, 0x01, 0x80, 0x00, 0x80,
		0x00, 0x80, 0x00, 0x80, 0x02, 0x80, 0x03, 0x80, 0x00, 0x80, 0x00, 0x80,
		0x00, 0x80, 0x05, 0x80, 0x01, 0x80, 0x00, 0x80, 0x00, 0x80, 0x02, 0x80,
		0x00, 0x80, 0x00, 0x80, 0x01, 0x80, 0x01, 0x80, 0x00, 0x80, 0x00, 0x80,
		0x02, 0x80, 0x03, 0x80, 0x00, 0x80, 0x00, 0x80, 0x00, 0x80, 0x02, 0x80,
		0x01, 0x80, 0x00, 0x80, 0x00, 0x80, 0x00, 0x80, 0x02, 0x80, 0x03, 0x80,
		0x00, 0x80, 0x00, 0x80, 0x00, 0x80, 0x03, 0x80, 0x01, 0x80, 0x00, 0x80,
		0xFF, 0x7F, 0xFF, 0x7F, 0xFF, 0x7F, 0xFF, 0x7F, 0xFE, 0x7F, 0xFE, 0x7F,
		0xFF, 0x7F, 0xFF, 0x7F, 0xFD, 0x7F, 0xFF, 0x7F, 0xFF, 0x7F, 0xFF, 0x7F,
		0xFF, 0x7F, 0xFF, 0x7F, 0xFE, 0x7F, 0xFE, 0x7F, 0xFF, 0x7F, 0xFF, 0x7F,
		0xFF, 0x7F, 0xFF, 0x7F, 0xFF, 0x7F, 0xFF, 0x7F, 0xFF, 0x7F, 0xFF, 0x7F,
		0xFE, 0x7F, 0xFF, 0x7F, 0xFF, 0x7F, 0xFF, 0x7F, 0xFE, 0x7F, 0xFF, 0x7F,
		0xFF, 0x7F, 0xFF, 0x7F, 0xFF, 0x7F, 0xFE, 0x7F, 0xFF, 0x7F, 0xFF, 0x7F,
		0xFF, 0x7F, 0xFC, 0x7F, 0xFF, 0x7F, 0xFF, 0x7F, 0xFF, 0x7F, 0xFF, 0x7F,
		0xFF, 0x7F, 0xFF, 0x7F, 0xFF, 0x7F, 0xFF, 0x7F, 0xFF, 0x7F, 0xFF, 0x7F,
		0xFE, 0x7F, 0xFF, 0x7F, 0xFF, 0x7F, 0xFF, 0x7F, 0xFD, 0x7F, 0xFF, 0x7F,
		0xFF, 0x7F, 0xFF, 0x7F, 0xFF, 0x7F, 0xFF, 0x7F, 0xFF, 0x7F, 0xFF, 0x7F,
		0xFF, 0x7F, 0xFF, 0x7F, 0xFE, 0x7F, 0xFF, 0x7F, 0xFF, 0x7F, 0xFF, 0x7F,
		0xFE, 0x7F, 0xFF, 0x7F, 0xFF, 0x7F, 0xFF, 0x7F, 0xFD, 0x7F, 0xFF, 0x7F,
		0xFF, 0x7F, 0xFF, 0x7F, 0xFF, 0x7F, 0xFF, 0x7F, 0xFE, 0x7F, 0xFF, 0x7F,
		0xFF, 0x7F, 0xFE, 0x7F, 0xFF, 0x7F, 0xFF, 0x7F, 0xFE, 0x7F, 0xFE, 0x7F,
		0xFF, 0x7F, 0xFF, 0x7F, 0xFC, 0x7F, 0xFF, 0x7F, 0xFF, 0x7F, 0xFF, 0x7F,
		0xFD, 0x7F, 0xFF, 0x7F, 0xFF, 0x7F, 0xFF, 0x7F, 0xFF, 0x7F, 0xFF, 0x7F,
		0xFD, 0x7F, 0xFF, 0x7F, 0xFF, 0x7F, 0xFE, 0x7F, 0xFA, 0x7F, 0xFF, 0x7F,
		0xFF, 0x7F, 0xFF, 0x7F, 0xFD, 0x7F, 0xFF, 0x7F, 0xFF, 0x7F, 0xFF, 0x7F,
		0xFF, 0x7F, 0xFF, 0x7F, 0xFF, 0x7F, 0xFF, 0x7F, 0xFF, 0x7F, 0xFF, 0x7F,
		0xFF, 0x7F, 0xFD, 0x7F, 0xFF, 0x7F, 0xFF, 0x7F, 0xFF, 0x7F, 0xFF, 0x7F,
		0xFF, 0x7F, 0xFE, 0x7F, 0xFF, 0x7F, 0xFF, 0x7F, 0xFE, 0x7F, 0xFB, 0x7F,
		0xFF, 0x7F, 0xFF, 0x7F, 0xFF, 0x7F, 0xFE, 0x7F, 0xFD, 0x7F, 0xFF, 0x7F,
		0xFF, 0x7F, 0xFF, 0x7F, 0xFA, 0x7F, 0xFF, 0x7F, 0xFF, 0x7F, 0xFD, 0x7F,
		0xFD, 0x7F, 0xFF, 0x7F, 0xFF, 0x7F, 0xFD, 0x7F, 0xFE, 0x7F, 0xFF, 0x7F,
		0xFF, 0x7F, 0xFE, 0x7F, 0xFF, 0x7F, 0xFF, 0x7F, 0xFF, 0x7F, 0xFD, 0x7F,
		0xFF, 0x7F, 0xFF, 0x7F, 0xFF, 0x7F, 0xFF, 0x7F, 0xFF, 0x7F, 0xFF, 0x7F,
		0xFF, 0x7F, 0xFF, 0x7F, 0xFA, 0x7F, 0xFC, 0x7F, 0xFF, 0x7F, 0xFF, 0x7F,
		0xFB, 0x7F, 0xFE, 0x7F, 0xFF, 0x7F, 0xFF, 0x7F, 0xFD, 0x7F, 0xFF, 0x7F,
		0xFF, 0x7F, 0xFE, 0x7F, 0xFD, 0x7F, 0xFF, 0x7F, 0xFF, 0x7F, 0xFF, 0x7F,
		0xFD, 0x7F, 0xFF, 0x7F, 0xFF, 0x7F, 0xFF, 0x7F, 0xFF, 0x7F, 0xFF, 0x7F,
		0xFF, 0x7F, 0xFF, 0x7F, 0xFF, 0x7F, 0xFF, 0x7F, 0xFC, 0x7F, 0xFF, 0x7F,
		0xFF, 0x7F, 0xFF, 0x7F, 0xFD, 0x7F, 0xFF, 0x7F, 0xFF, 0x7F, 0xFF, 0x7F,
		0xFF, 0x7F, 0xFF, 0x7F, 0xFF, 0x7F, 0xFD, 0x7F, 0xFE, 0x7F, 0xFF, 0x7F,
		0xFF, 0x7F, 0xFE, 0x7F, 0xFC, 0x7F, 0xFF, 0x7F, 0xFF, 0x7F, 0xFF, 0x7F,
		0xFD, 0x7F, 0xFE, 0x7F, 0xFF, 0x7F, 0xFF, 0x7F, 0xFD, 0x7F, 0xFF, 0x7F,
		0xFF, 0x7F, 0xFF, 0x7F, 0xFF, 0x7F, 0xFF, 0x7F, 0xFF, 0x7F, 0xFF, 0x7F,
		0xFF, 0x7F, 0xFF, 0x7F, 0xFF, 0x7F, 0xFE, 0x7F, 0xFD, 0x7F, 0xFF, 0x7F,
		0xFF, 0x7F, 0xFF, 0x7F, 0xFE, 0x7F, 0xFF, 0x7F, 0xFF, 0x7F, 0xFF, 0x7F,
		0xFF, 0x7F, 0xFF, 0x7F, 0xFF, 0x7F, 0xFF, 0x7F, 0xFF, 0x7F, 0xFF, 0x7F,
		0xFF, 0x7F, 0xFF, 0x7F, 0xFF, 0x7F, 0xFE, 0x7F, 0xFF, 0x7F, 0xFF, 0x7F,
		0xFC, 0x7F, 0xFF, 0x7F, 0xFF, 0x7F, 0xFF, 0x7F, 0xFC, 0x7F, 0xFF, 0x7F,
		0xFF, 0x7F, 0xFF, 0x7F, 0xFF, 0x7F, 0xFE, 0x7F, 0xFC, 0x7F, 0xFF, 0x7F,
		0xFF, 0x7F, 0xFF, 0x7F, 0xFE, 0x7F, 0xFF, 0x7F, 0xFF, 0x7F, 0xFF, 0x7F,
		0xFF, 0x7F, 0xFF, 0x7F, 0xFE, 0x7F, 0xFF, 0x7F, 0xFF, 0x7F, 0xFF, 0x7F,
		0xFF, 0x7F, 0xFF, 0x7F, 0xFF, 0x7F, 0xFE, 0x7F, 0xFF, 0x7F, 0xFF, 0x7F,
		0x00, 0x80, 0x00, 0x80, 0x00, 0x80, 0x05, 0x80, 0x01, 0x80, 0x00, 0x80,
		0x00, 0x80, 0x02, 0x80, 0x04, 0x80, 0x00, 0x80, 0x00, 0x80, 0x01, 0x80,
		0x05, 0x80, 0x00, 0x80, 0x00, 0x80, 0x01, 0x80, 0x04, 0x80, 0x00, 0x80,
		0x00, 0x80, 0x00, 0x80, 0x01, 0x80, 0x03, 0x80, 0x00, 0x80, 0x00, 0x80,
		0x00, 0x80, 0x02, 0x80, 0x01, 0x80, 0x00, 0x80, 0x00, 0x80, 0x00, 0x80,
		0x00, 0x80, 0x00, 0x80, 0x01, 0x80, 0x01, 0x80, 0x00, 0x80, 0x00, 0x80,
		0x00, 0x80, 0x01, 0x80, 0x01, 0x80, 0x00, 0x80, 0x00, 0x80, 0x01, 0x80,
		0x01, 0x80, 0x00, 0x80, 0x00, 0x80, 0x01, 0x80, 0x02, 0x80, 0x00, 0x80,
		0x00, 0x80, 0x01, 0x80, 0x05, 0x80, 0x00, 0x80, 0x00, 0x80, 0x00, 0x80,
		0x02, 0x80, 0x01, 0x80, 0x00, 0x80, 0x00, 0x80, 0x01, 0x80, 0x01, 0x80,
		0x00, 0x80, 0x00, 0x80, 0x01, 0x80, 0x00, 0x80, 0x00, 0x80, 0x02, 0x80,
		0x01, 0x80, 0x00, 0x80, 0x00, 0x80, 0x02, 0x80, 0x00, 0x80, 0x00, 0x80,
		0x00, 0x80, 0x01, 0x80, 0x01, 0x80, 0x00, 0x80, 0x00, 0x80, 0x00, 0x80,
		0x01, 0x80, 0x00, 0x80, 0x00, 0x80, 0x00, 0x80, 0x00, 0x80, 0x00, 0x80,
		0x01, 0x80, 0x00, 0x80, 0x00, 0x80, 0x01, 0x80, 0x01, 0x80, 0x00, 0x80,
		0x00, 0x80, 0x00, 0x80, 0x01, 0x80, 0x00, 0x80, 0x00, 0x80, 0x02, 0x80,
		0x02, 0x80, 0x00, 0x80, 0x00, 0x80, 0x04, 0x80, 0x03, 0x80, 0x00, 0x80,
		0x00, 0x80, 0x03, 0x80, 0x03, 0x80, 0x00, 0x80, 0x00, 0x80, 0x01, 0x80,
		0x01, 0x80, 0x01, 0x80, 0x00, 0x80, 0x00, 0x80, 0x03, 0x80, 0x03, 0x80,
		0x00, 0x80, 0x00, 0x80, 0x03, 0x80, 0x01, 0x80, 0x00, 0x80, 0x01, 0x80,
		0x00, 0x80, 0x00, 0x80, 0x03, 0x80, 0x01, 0x80, 0x00, 0x80, 0x00, 0x80,
		0x03, 0x80, 0x00, 0x80, 0x00, 0x80, 0x01, 0x80, 0x01, 0x80, 0x00, 0x80,
		0x00, 0x80, 0x02, 0x80, 0x03, 0x80, 0x00, 0x80, 0x00, 0x80, 0x02, 0x80,
		0x02, 0x80, 0x00, 0x80, 0x00, 0x80, 0x00, 0x80, 0x01, 0x80, 0x00, 0x80,
		0x00, 0x80, 0x00, 0x80, 0x01, 0x80, 0x00, 0x80, 0x00, 0x80, 0x00, 0x80,
		0x00, 0x80, 0x01, 0x80, 0x00, 0x80, 0x00, 0x80, 0x01, 0x80, 0x02, 0x80,
		0x00, 0x80, 0x00, 0x80, 0x01, 0x80, 0x02, 0x80, 0x00, 0x80, 0x00, 0x80,
		0x01, 0x80, 0x01, 0x80, 0x00, 0x80, 0x00, 0x80, 0x02, 0x80, 0x02, 0x80,
		0x00, 0x80, 0x00, 0x80, 0x00, 0x80, 0x01, 0x80, 0x01, 0x80, 0x00, 0x80,
		0x00, 0x80, 0x00, 0x80, 0x00, 0x80, 0x00, 0x80, 0x00, 0x80, 0x01, 0x80,
		0x00, 0x80, 0x00, 0x80, 0x00, 0x80, 0x02, 0x80, 0x01, 0x80, 0x00, 0x80,
		0x00, 0x80, 0x00, 0x80, 0x00, 0x80, 0x01, 0x80, 0x00, 0x80, 0x00, 0x80,
		0x00, 0x80, 0x01, 0x80, 0x00, 0x80, 0x00, 0x80, 0x01, 0x80, 0x00, 0x80,
		0x00, 0x80, 0x01, 0x80, 0x00, 0x80, 0x00, 0x80, 0x01, 0x80, 0x01, 0x80,
		0x00, 0x80, 0x00, 0x80, 0x02, 0x80, 0x00, 0x80, 0x00, 0x80, 0x01, 0x80,
		0x00, 0x80, 0x00, 0x80, 0x00, 0x80, 0x03, 0x80, 0x01, 0x80, 0x00, 0x80,
		0x00, 0x80, 0x03, 0x80, 0x03, 0x80, 0x00, 0x80, 0x00, 0x80, 0x02, 0x80,
		0x03, 0x80, 0x00, 0x80, 0x00, 0x80, 0x00, 0x80, 0x00, 0x80, 0x01, 0x80,
		0x01, 0x80, 0x00, 0x80, 0x00, 0x80, 0x01, 0x80, 0x00, 0x80, 0x00, 0x80,
		0x00, 0x80, 0x00, 0x80, 0x01, 0x80, 0x01, 0x80, 0x00, 0x80, 0x00, 0x80,
		0x02, 0x80, 0x01, 0x80, 0x00, 0x80, 0x00, 0x80, 0x00, 0x80, 0x03, 0x80,
		0x00, 0x80, 0x00, 0x80, 0x01, 0x80, 0x03, 0x80, 0x00, 0x80, 0x00, 0x80,
		0x03, 0x80, 0x02, 0x80, 0x00, 0x80, 0x00, 0x80, 0x03, 0x80, 0x03, 0x80,
		0x00, 0x80, 0x00, 0x80, 0x00, 0x80, 0x02, 0x80, 0x01, 0x80, 0x00, 0x80,
		0x00, 0x80, 0x00, 0x80, 0x00, 0x80, 0x00, 0x80, 0xFF, 0x7F, 0xFF, 0x7F,
		0xFE, 0x7F, 0xFF, 0x7F, 0xFF, 0x7F, 0xFF, 0x7F, 0xFF, 0x7F, 0xFE, 0x7F,
		0xFF, 0x7F, 0xFF, 0x7F, 0xFF, 0x7F, 0xFF, 0x7F, 0xFF, 0x7F, 0xFF, 0x7F,
		0xFD, 0x7F, 0xFF, 0x7F, 0xFF, 0x7F, 0xFF, 0x7F, 0xFA, 0x7F, 0xFF, 0x7F,
		0xFF, 0x7F, 0xFF, 0x7F, 0xFD, 0x7F, 0xFF, 0x7F, 0xFF, 0x7F, 0xFE, 0x7F,
		0xFF, 0x7F, 0xFF, 0x7F, 0xFE, 0x7F, 0xFC, 0x7F, 0xFF, 0x7F, 0xFF, 0x7F,
		0xFF, 0x7F, 0xFC, 0x7F, 0xFF, 0x7F, 0xFF, 0x7F, 0xFF, 0x7F, 0xFD, 0x7F,
		0xFF, 0x7F, 0xFF, 0x7F, 0xFF, 0x7F, 0xFD, 0x7F, 0xFF, 0x7F, 0xFF, 0x7F,
		0xFE, 0x7F, 0xFE, 0x7F, 0xFF, 0x7F, 0xFF, 0x7F, 0xFD, 0x7F, 0xFF, 0x7F,
		0xFF, 0x7F, 0xFF, 0x7F, 0xFC, 0x7F, 0xFF, 0x7F, 0xFF, 0x7F, 0xFF, 0x7F,
		0xFC, 0x7F, 0xFF, 0x7F, 0xFF, 0x7F, 0xFF, 0x7F, 0xFD, 0x7F, 0xFF, 0x7F,
		0xFF, 0x7F, 0xFE, 0x7F, 0xFE, 0x7F, 0xFF, 0x7F, 0xFF, 0x7F, 0xFC, 0x7F,
		0xFE, 0x7F, 0xFF, 0x7F, 0xFF, 0x7F, 0xFD, 0x7F, 0xFF, 0x7F, 0xFF, 0x7F,
		0xFF, 0x7F, 0xFF, 0x7F, 0xFE, 0x7F, 0xFF, 0x7F, 0xFF, 0x7F, 0xFF, 0x7F,
		0xFE, 0x7F, 0xFF, 0x7F, 0xFF, 0x7F, 0xFF, 0x7F, 0xFE, 0x7F, 0xFF, 0x7F,
		0xFF, 0x7F, 0xFF, 0x7F, 0xFF, 0x7F, 0xFE, 0x7F, 0xFF, 0x7F, 0xFF, 0x7F,
		0xFF, 0x7F, 0xFC, 0x7F, 0xFF, 0x7F, 0xFF, 0x7F, 0xFF, 0x7F, 0xFD, 0x7F,
		0xFF, 0x7F, 0xFF, 0x7F, 0xFF, 0x7F, 0xFF, 0x7F, 0xFF, 0x7F, 0xFF, 0x7F,
		0xFF, 0x7F, 0xFF, 0x7F, 0xFF, 0x7F, 0xFF, 0x7F, 0xFF, 0x7F, 0xFE, 0x7F,
		0xFE, 0x7F, 0xFF, 0x7F, 0xFF, 0x7F, 0xFE, 0x7F, 0xFC, 0x7F, 0xFF, 0x7F,
		0xFF, 0x7F, 0xFD, 0x7F, 0xFA, 0x7F, 0xFF, 0x7F, 0xFF, 0x7F, 0xFF, 0x7F,
		0xFB, 0x7F, 0xFF, 0x7F, 0xFF, 0x7F, 0xFF, 0x7F, 0xFF, 0x7F, 0xFF, 0x7F,
		0xFE, 0x7F, 0xFE, 0x7F, 0xFF, 0x7F, 0xFF, 0x7F, 0xFD, 0x7F, 0xFF, 0x7F,
		0xFF, 0x7F, 0xFF, 0x7F, 0xFF, 0x7F, 0xFF, 0x7F, 0xFF, 0x7F, 0xFF, 0x7F,
		0xFF, 0x7F, 0xFF, 0x7F, 0xFD, 0x7F, 0xFD, 0x7F, 0xFF, 0x7F, 0xFF, 0x7F,
		0xFD, 0x7F, 0xFC, 0x7F, 0xFF, 0x7F, 0xFF, 0x7F, 0xFF, 0x7F, 0xFE, 0x7F,
		0xFF, 0x7F, 0xFF, 0x7F, 0xFF, 0x7F, 0xFF, 0x7F, 0xFF, 0x7F, 0xFD, 0x7F,
		0xFF, 0x7F, 0xFF, 0x7F, 0xFF, 0x7F, 0xFE, 0x7F, 0xFE, 0x7F, 0xFF, 0x7F,
		0xFF, 0x7F, 0xFF, 0x7F, 0xFE, 0x7F, 0xFF, 0x7F, 0xFF, 0x7F, 0xFE, 0x7F,
		0xFF, 0x7F, 0xFF, 0x7F, 0xFF, 0x7F, 0xFB, 0x7F, 0xFF, 0x7F, 0xFF, 0x7F,
		0xFF, 0x7F, 0xFD, 0x7F, 0xFF, 0x7F, 0xFF, 0x7F, 0xFF, 0x7F, 0xFD, 0x7F,
		0xFF, 0x7F, 0xFF, 0x7F, 0xFE, 0x7F, 0xFD, 0x7F, 0xFF, 0x7F, 0xFF, 0x7F,
		0xFD, 0x7F, 0xFF, 0x7F, 0xFF, 0x7F, 0xFF, 0x7F, 0xFF, 0x7F, 0xFF, 0x7F,
		0xFF, 0x7F, 0xFF, 0x7F, 0xFF, 0x7F, 0xFE, 0x7F, 0xFF, 0x7F, 0xFF, 0x7F,
		0xFE, 0x7F, 0xFB, 0x7F, 0xFF, 0x7F, 0xFF, 0x7F, 0xFD, 0x7F, 0xFA, 0x7F,
		0xFF, 0x7F, 0xFF, 0x7F, 0xFF, 0x7F, 0xFF, 0x7F, 0xFE, 0x7F, 0xFF, 0x7F,
		0xFF, 0x7F, 0xFF, 0x7F, 0xFF, 0x7F, 0xFE, 0x7F, 0xFF, 0x7F, 0xFF, 0x7F,
		0xFF, 0x7F, 0xFF, 0x7F, 0xFF, 0x7F, 0xFF, 0x7F, 0xFF, 0x7F, 0xFF, 0x7F,
		0xFE, 0x7F, 0xFF, 0x7F, 0xFF, 0x7F, 0xFF, 0x7F, 0xFD, 0x7F, 0xFF, 0x7F,
		0xFF, 0x7F, 0xFF, 0x7F, 0xFF, 0x7F, 0xFF, 0x7F, 0xFF, 0x7F, 0xFF, 0x7F,
		0xFF, 0x7F, 0xFF, 0x7F, 0xFF, 0x7F, 0xFF, 0x7F, 0xFF, 0x7F, 0xFE, 0x7F,
		0xFF, 0x7F, 0xFF, 0x7F, 0xFF, 0x7F, 0xFE, 0x7F, 0xFF, 0x7F, 0xFF, 0x7F,
		0xFF, 0x7F, 0xFE, 0x7F, 0xFF, 0x7F, 0xFF, 0x7F, 0xFF, 0x7F, 0xFE, 0x7F,
		0x01, 0x80, 0x01, 0x80, 0x00, 0x80, 0x01, 0x80, 0x00, 0x80, 0x00, 0x80,
		0x01, 0x80, 0x02, 0x80, 0x00, 0x80, 0x00, 0x80, 0x02, 0x80, 0x01, 0x80,
		0x00, 0x80, 0x01, 0x80, 0x00, 0x80, 0x00, 0x80, 0x03, 0x80, 0x02, 0x80,
		0x00, 0x80, 0x00, 0x80, 0x01, 0x80, 0x01, 0x80, 0x01, 0x80, 0x01, 0x80,
		0x00, 0x80, 0x00, 0x80, 0x01, 0x80, 0x04, 0x80, 0x00, 0x80, 0x00, 0x80,
		0x00, 0x80, 0x03, 0x80, 0x00, 0x80, 0x00, 0x80, 0x01, 0x80, 0x00, 0x80,
		0x00, 0x80, 0x01, 0x80, 0x00, 0x80, 0x00, 0x80, 0x01, 0x80, 0x00, 0x80,
		0x00, 0x80, 0x01, 0x80, 0x00, 0x80, 0x00, 0x80, 0x02, 0x80, 0x01, 0x80,
		0x00, 0x80, 0x01, 0x80, 0x00, 0x80, 0x00, 0x80, 0x01, 0x80, 0x01, 0x80,
		0x00, 0x80, 0x00, 0x80, 0x01, 0x80, 0x00, 0x80, 0x00, 0x80, 0x03, 0x80,
		0x00, 0x80, 0x00, 0x80, 0x01, 0x80, 0x05, 0x80, 0x00, 0x80, 0x00, 0x80,
		0x00, 0x80, 0x04, 0x80, 0x00, 0x80, 0x00, 0x80, 0x00, 0x80, 0x04, 0x80,
		0x00, 0x80, 0x00, 0x80, 0x02, 0x80, 0x03, 0x80, 0x00, 0x80, 0x00, 0x80,
		0x00, 0x80, 0x02, 0x80, 0x00, 0x80, 0x00, 0x80, 0x00, 0x80, 0x00, 0x80,
		0x00, 0x80, 0x01, 0x80, 0x03, 0x80, 0x00, 0x80, 0x00, 0x80, 0x02, 0x80,
		0x02, 0x80, 0x00, 0x80, 0x00, 0x80, 0x00, 0x80, 0x00, 0x80, 0x00, 0x80,
		0x02, 0x80, 0x00, 0x80, 0x00, 0x80, 0x00, 0x80, 0x01, 0x80, 0x01, 0x80,
		0x00, 0x80, 0x00, 0x80, 0x00, 0x80, 0x03, 0x80, 0x00, 0x80, 0x00, 0x80,
		0x00, 0x80, 0x05, 0x80, 0x01, 0x80, 0x00, 0x80, 0x00, 0x80, 0x04, 0x80,
		0x02, 0x80, 0x00, 0x80, 0x00, 0x80, 0x00, 0x80, 0x02, 0x80, 0x02, 0x80,
		0x00, 0x80, 0x00, 0x80, 0x00, 0x80, 0x04, 0x80, 0x00, 0x80, 0x00, 0x80,
		0x00, 0x80, 0x01, 0x80, 0x00, 0x80, 0x00, 0x80, 0x00, 0x80, 0x00, 0x80,
		0x00, 0x80, 0x01, 0x80, 0x01, 0x80, 0x00, 0x80, 0x00, 0x80, 0x01, 0x80,
		0x02, 0x80, 0x00, 0x80, 0x00, 0x80, 0x02, 0x80, 0x02, 0x80, 0x00, 0x80,
		0x00, 0x80, 0x02, 0x80, 0x01, 0x80, 0x00, 0x80, 0x00, 0x80, 0x00, 0x80,
		0x03, 0x80, 0x01, 0x80, 0x00, 0x80, 0x00, 0x80, 0x02, 0x80, 0x00, 0x80,
		0x00, 0x80, 0x01, 0x80, 0x00, 0x80, 0x00, 0x80, 0x01, 0x80, 0x02, 0x80,
		0x00, 0x80, 0x00, 0x80, 0x00, 0x80, 0x00, 0x80, 0x02, 0x80, 0x01, 0x80,
		0x00, 0x80, 0x00, 0x80, 0x01, 0x80, 0x02, 0x80, 0x00, 0x80, 0x00, 0x80,
		0x00, 0x80, 0x00, 0x80, 0x01, 0x80, 0x00, 0x80, 0x00, 0x80, 0x00, 0x80,
		0x01, 0x80, 0x01, 0x80, 0x00, 0x80, 0x00, 0x80, 0x00, 0x80, 0x03, 0x80,
		0x00, 0x80, 0x00, 0x80, 0x01, 0x80, 0x04, 0x80, 0x00, 0x80, 0x00, 0x80,
		0x03, 0x80, 0x02, 0x80, 0x00, 0x80, 0x00, 0x80, 0x03, 0x80, 0x02, 0x80,
		0x00, 0x80, 0x00, 0x80, 0x05, 0x80, 0x00, 0x80, 0x00, 0x80, 0x00, 0x80,
		0x04, 0x80, 0x00, 0x80, 0x00, 0x80, 0x00, 0x80, 0x02, 0x80, 0x01, 0x80,
		0x00, 0x80, 0x00, 0x80, 0x01, 0x80, 0x02, 0x80, 0x00, 0x80, 0x00, 0x80,
		0x00, 0x80, 0x02, 0x80, 0x00, 0x80, 0x00, 0x80, 0x01, 0x80, 0x01, 0x80,
		0x00, 0x80, 0x00, 0x80, 0x01, 0x80, 0x02, 0x80, 0x00, 0x80, 0x00, 0x80,
		0x02, 0x80, 0x00, 0x80, 0x00, 0x80, 0x01, 0x80, 0x00, 0x80, 0x00, 0x80,
		0x01, 0x80, 0x00, 0x80, 0x00, 0x80, 0x01, 0x80, 0x02, 0x80, 0x00, 0x80,
		0x00, 0x80, 0x03, 0x80, 0x00, 0x80, 0x00, 0x80, 0x01, 0x80, 0x03, 0x80,
		0x00, 0x80, 0x00, 0x80, 0x01, 0x80, 0x02, 0x80, 0x00, 0x80, 0x00, 0x80,
		0xFF, 0x7F, 0xFF, 0x7F, 0xFF, 0x7F, 0xFF, 0x7F, 0xFF, 0x7F, 0xFF, 0x7F,
		0xFF, 0x7F, 0xFF, 0x7F, 0xFF, 0x7F, 0xFF, 0x7F, 0xFF, 0x7F, 0xFE, 0x7F,
		0xFF, 0x7F, 0xFF, 0x7F, 0xFE, 0x7F, 0xFF, 0x7F, 0xFF, 0x7F, 0xFF, 0x7F,
		0xFD, 0x7F, 0xFF, 0x7F, 0xFF, 0x7F, 0xFF, 0x7F, 0xFD, 0x7F, 0xFF, 0x7F,
		0xFF, 0x7F, 0xFF, 0x7F, 0xFF, 0x7F, 0xFE, 0x7F, 0xFF, 0x7F, 0xFF, 0x7F,
		0xFF, 0x7F, 0xFE, 0x7F, 0xFF, 0x7F, 0xFF, 0x7F, 0xFF, 0x7F, 0xFD, 0x7F,
		0xFF, 0x7F, 0xFF, 0x7F, 0xFF, 0x7F, 0xFF, 0x7F, 0xFF, 0x7F, 0xFF, 0x7F,
		0xFF, 0x7F, 0xFF, 0x7F, 0xFF, 0x7F, 0xFD, 0x7F, 0xFF, 0x7F, 0xFF, 0x7F,
		0xFF, 0x7F, 0xFF, 0x7F, 0xFF, 0x7F, 0xFF, 0x7F, 0xFF, 0x7F, 0xFF, 0x7F,
		0xFF, 0x7F, 0xFF, 0x7F, 0xFF, 0x7F, 0xFF, 0x7F, 0xFF, 0x7F, 0xFF, 0x7F,
		0xFF, 0x7F, 0xFF, 0x7F, 0xFF, 0x7F, 0xFF, 0x7F, 0xFF, 0x7F, 0xFF, 0x7F,
		0xFF, 0x7F, 0xFF, 0x7F, 0xFF, 0x7F, 0xFE, 0x7F, 0xFF, 0x7F, 0xFF, 0x7F,
		0xFF, 0x7F, 0xFE, 0x7F, 0xFF, 0x7F, 0xFF, 0x7F, 0xFF, 0x7F, 0xFE, 0x7F,
		0xFF, 0x7F, 0xFF, 0x7F, 0xFF, 0x7F, 0xFF, 0x7F, 0xFF, 0x7F, 0xFF, 0x7F,
		0xFF, 0x7F, 0xFF, 0x7F, 0xFF, 0x7F, 0xFE, 0x7F, 0xFF, 0x7F, 0xFF, 0x7F,
		0xFF, 0x7F, 0xFD, 0x7F, 0xFF, 0x7F, 0xFF, 0x7F, 0xFF, 0x7F, 0xFF, 0x7F,
		0xFF, 0x7F, 0xFF, 0x7F, 0xFD, 0x7F, 0xFF, 0x7F, 0xFF, 0x7F, 0xFD, 0x7F,
		0xFD, 0x7F, 0xFF, 0x7F, 0xFF, 0x7F, 0xFE, 0x7F, 0xFE, 0x7F, 0xFF, 0x7F,
		0xFF, 0x7F, 0xFF, 0x7F, 0xFE, 0x7F, 0xFF, 0x7F, 0xFF, 0x7F, 0xFF, 0x7F,
		0xFF, 0x7F, 0xFD, 0x7F, 0xFF, 0x7F, 0xFF, 0x7F, 0xFF, 0x7F, 0xFC, 0x7F,
		0xFC, 0x7F, 0xFF, 0x7F, 0xFF, 0x7F, 0xFE, 0x7F, 0xFC, 0x7F, 0xFF, 0x7F,
		0xFF, 0x7F, 0xFF, 0x7F, 0xFD, 0x7F, 0xFF, 0x7F, 0xFF, 0x7F, 0xFF, 0x7F,
		0xFF, 0x7F, 0xFF, 0x7F, 0xFF, 0x7F, 0xFE, 0x7F, 0xFF, 0x7F, 0xFF, 0x7F,
		0xFC, 0x7F, 0xFF, 0x7F, 0xFF, 0x7F, 0xFF, 0x7F, 0xFD, 0x7F, 0xFF, 0x7F,
		0xFF, 0x7F, 0xFE, 0x7F, 0xFF, 0x7F, 0xFF, 0x7F, 0xFF, 0x7F, 0xFE, 0x7F,
		0xFE, 0x7F, 0xFF, 0x7F, 0xFF, 0x7F, 0xFE, 0x7F, 0xFD, 0x7F, 0xFF, 0x7F,
		0xFF, 0x7F, 0xFF, 0x7F, 0xFF, 0x7F, 0xFF, 0x7F, 0xFF, 0x7F, 0xFF, 0x7F,
		0xFF, 0x7F, 0xFF, 0x7F, 0xFF, 0x7F, 0xFF, 0x7F, 0xFE, 0x7F, 0xFF, 0x7F,
		0xFF, 0x7F, 0xFD, 0x7F, 0xFE, 0x7F, 0xFF, 0x7F, 0xFF, 0x7F, 0xFC, 0x7F,
		0xFF, 0x7F, 0xFF, 0x7F, 0xFF, 0x7F, 0xFE, 0x7F, 0xFF, 0x7F, 0xFF, 0x7F,
		0xFF, 0x7F, 0xFF, 0x7F, 0xFF, 0x7F, 0xFE, 0x7F, 0xFD, 0x7F, 0xFF, 0x7F,
		0xFF, 0x7F, 0xFE, 0x7F, 0xFE, 0x7F, 0xFF, 0x7F, 0xFF, 0x7F, 0xFF, 0x7F,
		0xFF, 0x7F, 0xFF, 0x7F, 0xFF, 0x7F, 0xFF, 0x7F, 0xFD, 0x7F, 0xFF, 0x7F,
		0xFF, 0x7F, 0xFF, 0x7F, 0xFE, 0x7F, 0xFF, 0x7F, 0xFF, 0x7F, 0xFF, 0x7F,
		0xFF, 0x7F, 0xFE, 0x7F, 0xFF, 0x7F, 0xFF, 0x7F, 0xFF, 0x7F, 0xFE, 0x7F,
		0xFE, 0x7F, 0xFF, 0x7F, 0xFF, 0x7F, 0xFE, 0x7F, 0xFF, 0x7F, 0xFF, 0x7F,
		0xFF, 0x7F, 0xFE, 0x7F, 0xFF, 0x7F, 0xFF, 0x7F, 0xFF, 0x7F, 0xFE, 0x7F,
		0xFF, 0x7F, 0xFF, 0x7F, 0xFF, 0x7F, 0xFE, 0x7F, 0xFF, 0x7F, 0xFF, 0x7F,
		0xFE, 0x7F, 0xFE, 0x7F, 0xFF, 0x7F, 0xFF, 0x7F, 0xFD, 0x7F, 0xFF, 0x7F,
		0xFF, 0x7F, 0xFF, 0x7F, 0xFE, 0x7F, 0xFF, 0x7F, 0xFF, 0x7F, 0xFE, 0x7F,
		0xFF, 0x7F, 0xFF, 0x7F, 0x00, 0x80, 0x00, 0x80, 0x00, 0x80, 0x00, 0x80,
		0x04, 0x80, 0x00, 0x80, 0x00, 0x80, 0x02, 0x80, 0x03, 0x80, 0x00, 0x80,
		0x00, 0x80, 0x01, 0x80, 0x00, 0x80, 0x01, 0x80, 0x02, 0x80, 0x00, 0x80,
		0x00, 0x80, 0x04, 0x80, 0x01, 0x80, 0x00, 0x80, 0x00, 0x80, 0x03, 0x80,
		0x00, 0x80, 0x00, 0x80, 0x04, 0x80, 0x01, 0x80, 0x00, 0x80, 0x00, 0x80,
		0x03, 0x80, 0x00, 0x80, 0x00, 0x80, 0x00, 0x80, 0x01, 0x80, 0x01, 0x80,
		0x01, 0x80, 0x00, 0x80, 0x00, 0x80, 0x02, 0x80, 0x02, 0x80, 0x00, 0x80,
		0x00, 0x80, 0x01, 0x80, 0x01, 0x80, 0x00, 0x80, 0x01, 0x80, 0x01, 0x80,
		0x00, 0x80, 0x00, 0x80, 0x04, 0x80, 0x00, 0x80, 0x00, 0x80, 0x00, 0x80,
		0x01, 0x80, 0x02, 0x80, 0x00, 0x80, 0x00, 0x80, 0x00, 0x80, 0x01, 0x80,
		0x01, 0x80, 0x00, 0x80, 0x00, 0x80, 0x00, 0x80, 0x00, 0x80, 0x02, 0x80,
		0x01, 0x80, 0x00, 0x80, 0x00, 0x80, 0x01, 0x80, 0x00, 0x80, 0x00, 0x80,
		0x02, 0x80, 0x01, 0x80, 0x00, 0x80, 0x00, 0x80, 0x03, 0x80, 0x00, 0x80,
		0x00, 0x80, 0x00, 0x80, 0x01, 0x80, 0x01, 0x80, 0x00, 0x80, 0x00, 0x80,
		0x00, 0x80, 0x01, 0x80, 0x02, 0x80, 0x00, 0x80, 0x00, 0x80, 0x00, 0x80,
		0x02, 0x80, 0x00, 0x80, 0x00, 0x80, 0x01, 0x80, 0x01, 0x80, 0x00, 0x80,
		0x00, 0x80, 0x01, 0x80, 0x00, 0x80, 0x00, 0x80, 0x01, 0x80, 0x00, 0x80,
		0x00, 0x80, 0x01, 0x80, 0x02, 0x80, 0x00, 0x80, 0x00, 0x80, 0x01, 0x80,
		0x01, 0x80, 0x00, 0x80, 0x01, 0x80, 0x02, 0x80, 0x00, 0x80, 0x00, 0x80,
		0x02, 0x80, 0x03, 0x80, 0x00, 0x80, 0x00, 0x80, 0x00, 0x80, 0x01, 0x80,
		0x00, 0x80, 0x00, 0x80, 0x00, 0x80, 0x02, 0x80, 0x01, 0x80, 0x00, 0x80,
		0x00, 0x80, 0x01, 0x80, 0x03, 0x80, 0x00, 0x80, 0x00, 0x80, 0x00, 0x80,
		0x02, 0x80, 0x04, 0x80, 0x00, 0x80, 0x00, 0x80, 0x02, 0x80, 0x01, 0x80,
		0x00, 0x80, 0x00, 0x80, 0x03, 0x80, 0x00, 0x80, 0x00, 0x80, 0x02, 0x80,
		0x02, 0x80, 0x00, 0x80, 0x00, 0x80, 0x00, 0x80, 0x02, 0x80, 0x00, 0x80,
		0x00, 0x80, 0x00, 0x80, 0x01, 0x80, 0x01, 0x80, 0x00, 0x80, 0x01, 0x80,
		0x02, 0x80, 0x00, 0x80, 0x00, 0x80, 0x02, 0x80, 0x00, 0x80, 0x00, 0x80,
		0x01, 0x80, 0x03, 0x80, 0x00, 0x80, 0x00, 0x80, 0x04, 0x80, 0x02, 0x80,
		0x00, 0x80, 0x00, 0x80, 0x02, 0x80, 0x02, 0x80, 0x00, 0x80, 0x00, 0x80,
		0x00, 0x80, 0x03, 0x80, 0x02, 0x80, 0x00, 0x80, 0x00, 0x80, 0x02, 0x80,
		0x00, 0x80, 0x00, 0x80, 0x01, 0x80, 0x01, 0x80, 0x00, 0x80, 0x00, 0x80,
		0x02, 0x80, 0x01, 0x80, 0x00, 0x80, 0x00, 0x80, 0x00, 0x80, 0x01, 0x80,
		0x03, 0x80, 0x00, 0x80, 0x00, 0x80, 0x00, 0x80, 0x04, 0x80, 0x02, 0x80,
		0x00, 0x80, 0x00, 0x80, 0x01, 0x80, 0x02, 0x80, 0x01, 0x80, 0x00, 0x80,
		0x00, 0x80, 0x02, 0x80, 0x02, 0x80, 0x00, 0x80, 0x00, 0x80, 0x01, 0x80,
		0x00, 0x80, 0x00, 0x80, 0x00, 0x80, 0x00, 0x80, 0x00, 0x80, 0x01, 0x80,
		0x00, 0x80, 0x00, 0x80, 0x00, 0x80, 0x03, 0x80, 0x01, 0x80, 0x00, 0x80,
		0x00, 0x80, 0x02, 0x80, 0x02, 0x80, 0x00, 0x80, 0x00, 0x80, 0x00, 0x80,
		0x02, 0x80, 0x00, 0x80, 0x00, 0x80, 0x00, 0x80, 0x03, 0x80, 0x00, 0x80,
		0x00, 0x80, 0x00, 0x80, 0x04, 0x80, 0x00, 0x80, 0x00, 0x80, 0x00, 0x80,
		0xFF, 0x7F, 0xFF, 0x7F, 0xFF, 0x7F, 0xFF, 0x7F, 0xFF, 0x7F, 0xFF, 0x7F,
		0xFF, 0x7F, 0xFD, 0x7F, 0xFF, 0x7F, 0xFF, 0x7F, 0xFF, 0x7F, 0xFD, 0x7F,
		0xFF, 0x7F, 0xFF, 0x7F, 0xFF, 0x7F, 0xFF, 0x7F, 0xFF, 0x7F, 0xFF, 0x7F,
		0xFF, 0x7F, 0xFF, 0x7F, 0xFF, 0x7F, 0xFF, 0x7F, 0xFF, 0x7F, 0xFF, 0x7F,
		0xFF, 0x7F, 0xFF, 0x7F, 0xFE, 0x7F, 0xFF, 0x7F, 0xFF, 0x7F, 0xFF, 0x7F,
		0xFF, 0x7F, 0xFF, 0x7F, 0xFF, 0x7F, 0xFF, 0x7F, 0xFF, 0x7F, 0xFF, 0x7F,
		0xFE, 0x7F, 0xFE, 0x7F, 0xFF, 0x7F, 0xFF, 0x7F, 0xFF, 0x7F, 0xFF, 0x7F,
		0xFF, 0x7F, 0xFF, 0x7F, 0xFF, 0x7F, 0xFF, 0x7F, 0xFF, 0x7F, 0xFF, 0x7F,
		0xFF, 0x7F, 0xFF, 0x7F, 0xFF, 0x7F, 0xFF, 0x7F, 0xFF, 0x7F, 0xFF, 0x7F,
		0xFF, 0x7F, 0xFF, 0x7F, 0xFF, 0x7F, 0xFF, 0x7F, 0xFF, 0x7F, 0xFF, 0x7F,
		0xFF, 0x7F, 0xFF, 0x7F, 0xFF, 0x7F, 0xFF, 0x7F, 0xFF, 0x7F, 0xFF, 0x7F,
		0xFF, 0x7F, 0xFF, 0x7F, 0xFF, 0x7F, 0xFF, 0x7F, 0xFE, 0x7F, 0xFF, 0x7F,
		0xFF, 0x7F, 0xFF, 0x7F, 0xFE, 0x7F, 0xFE, 0x7F, 0xFF, 0x7F, 0xFF, 0x7F,
		0xFE, 0x7F, 0xFE, 0x7F, 0xFF, 0x7F, 0xFF, 0x7F, 0xFE, 0x7F, 0xFD, 0x7F,
		0xFF, 0x7F, 0xFF, 0x7F, 0xFF, 0x7F, 0xFF, 0x7F, 0xFF, 0x7F, 0xFF, 0x7F,
		0xFF, 0x7F, 0xFF, 0x7F, 0xFF, 0x7F, 0xFF, 0x7F, 0xFF, 0x7F, 0xFF, 0x7F,
		0xFF, 0x7F, 0xFE, 0x7F, 0xFF, 0x7F, 0xFF, 0x7F, 0xFF, 0x7F, 0xFF, 0x7F,
		0xFF, 0x7F, 0xFF, 0x7F, 0xFF, 0x7F, 0xFF, 0x7F, 0xFF, 0x7F, 0xFE, 0x7F,
		0xFE, 0x7F, 0xFF, 0x7F, 0xFF, 0x7F, 0xFF, 0x7F, 0xFF, 0x7F, 0xFF, 0x7F,
		0xFF, 0x7F, 0xFF, 0x7F, 0xFF, 0x7F, 0xFF, 0x7F, 0xFF, 0x7F, 0xFF, 0x7F,
		0xFF, 0x7F, 0xFF, 0x7F, 0xFE, 0x7F, 0xFD, 0x7F, 0xFF, 0x7F, 0xFF, 0x7F,
		0xFE, 0x7F, 0xFE, 0x7F, 0xFF, 0x7F, 0xFF, 0x7F, 0xFF, 0x7F, 0xFF, 0x7F,
		0xFE, 0x7F, 0xFD, 0x7F, 0xFF, 0x7F, 0xFF, 0x7F, 0xFF, 0x7F, 0xFE, 0x7F,
		0xFD, 0x7F, 0xFF, 0x7F, 0xFF, 0x7F, 0xFF, 0x7F, 0xFC, 0x7F, 0xFF, 0x7F,
		0xFF, 0x7F, 0xFD, 0x7F, 0xFF, 0x7F, 0xFF, 0x7F, 0xFF, 0x7F, 0xFE, 0x7F,
		0xFF, 0x7F, 0xFF, 0x7F, 0xFC, 0x7F, 0xFF, 0x7F, 0xFF, 0x7F, 0xFD, 0x7F,
		0xFD, 0x7F, 0xFF, 0x7F, 0xFF, 0x7F, 0xFF, 0x7F, 0xFF, 0x7F, 0xFF, 0x7F,
		0xFF, 0x7F, 0xFF, 0x7F, 0xFF, 0x7F, 0xFF, 0x7F, 0xFF, 0x7F, 0xFF, 0x7F,
		0xFF, 0x7F, 0xFF, 0x7F, 0xFE, 0x7F, 0xFF, 0x7F, 0xFF, 0x7F, 0xFF, 0x7F,
		0xFF, 0x7F, 0xFE, 0x7F, 0xFF, 0x7F, 0xFF, 0x7F, 0xFF, 0x7F, 0xFD, 0x7F,
		0xFE, 0x7F, 0xFF, 0x7F, 0xFF, 0x7F, 0xFD, 0x7F, 0xFF, 0x7F, 0xFF, 0x7F,
		0xFF, 0x7F, 0xFF, 0x7F, 0xFF, 0x7F, 0xFF, 0x7F, 0xFF, 0x7F, 0xFF, 0x7F,
		0xFE, 0x7F, 0xFD, 0x7F, 0xFF, 0x7F, 0xFF, 0x7F, 0xFD, 0x7F, 0xFD, 0x7F,
		0xFF, 0x7F, 0xFF, 0x7F, 0xFE, 0x7F, 0xFF, 0x7F, 0xFF, 0x7F, 0xFF, 0x7F,
		0xFE, 0x7F, 0xFF, 0x7F, 0xFF, 0x7F, 0xFF, 0x7F, 0xFE, 0x7F, 0xFF, 0x7F,
		0xFF, 0x7F, 0xFF, 0x7F, 0xFD, 0x7F, 0xFF, 0x7F, 0xFF, 0x7F, 0xFF, 0x7F,
		0xFB, 0x7F, 0xFF, 0x7F, 0xFF, 0x7F, 0xFF, 0x7F, 0xFA, 0x7F, 0xFF, 0x7F,
		0xFF, 0x7F, 0xFF, 0x7F, 0xFE, 0x7F, 0xFF, 0x7F, 0xFF, 0x7F, 0xFF, 0x7F,
		0xFF, 0x7F, 0xFC, 0x7F, 0x00, 0x80, 0x03, 0x80, 0x01, 0x80, 0x00, 0x80,
		0x00, 0x80, 0x01, 0x80, 0x01, 0x80, 0x00, 0x80, 0x00, 0x80, 0x00, 0x80,
		0x00, 0x80, 0x00, 0x80, 0x01, 0x80, 0x02, 0x80, 0x00, 0x80, 0x00, 0x80,
		0x01, 0x80, 0x01, 0x80, 0x00, 0x80, 0x00, 0x80, 0x00, 0x80, 0x01, 0x80,
		0x00, 0x80, 0x00, 0x80, 0x01, 0x80, 0x02, 0x80, 0x00, 0x80, 0x00, 0x80,
		0x01, 0x80, 0x01, 0x80, 0x00, 0x80, 0x00, 0x80, 0x01, 0x80, 0x00, 0x80,
		0x00, 0x80, 0x02, 0x80, 0x03, 0x80, 0x00, 0x80, 0x00, 0x80, 0x02, 0x80,
		0x04, 0x80, 0x00, 0x80, 0x00, 0x80, 0x02, 0x80, 0x02, 0x80, 0x00, 0x80,
		0x00, 0x80, 0x02, 0x80, 0x00, 0x80, 0x00, 0x80, 0x01, 0x80, 0x01, 0x80,
		0x00, 0x80, 0x00, 0x80, 0x01, 0x80, 0x00, 0x80, 0x00, 0x80, 0x00, 0x80,
		0x00, 0x80, 0x00, 0x80, 0x01, 0x80, 0x00, 0x80, 0x00, 0x80, 0x00, 0x80,
		0x00, 0x80, 0x00, 0x80, 0x01, 0x80, 0x03, 0x80, 0x00, 0x80, 0x00, 0x80,
		0x02, 0x80, 0x05, 0x80, 0x00, 0x80, 0x00, 0x80, 0x00, 0x80, 0x03, 0x80,
		0x01, 0x80, 0x00, 0x80, 0x00, 0x80, 0x01, 0x80, 0x03, 0x80, 0x00, 0x80,
		0x00, 0x80, 0x00, 0x80, 0x05, 0x80, 0x01, 0x80, 0x00, 0x80, 0x00, 0x80,
		0x06, 0x80, 0x02, 0x80, 0x00, 0x80, 0x00, 0x80, 0x02, 0x80, 0x01, 0x80,
		0x00, 0x80, 0x00, 0x80, 0x00, 0x80, 0x00, 0x80, 0x00, 0x80, 0x02, 0x80,
		0x02, 0x80, 0x00, 0x80, 0x00, 0x80, 0x02, 0x80, 0x05, 0x80, 0x00, 0x80,
		0x00, 0x80, 0x00, 0x80, 0x07, 0x80, 0x01, 0x80, 0x00, 0x80, 0x00, 0x80,
		0x05, 0x80, 0x01, 0x80, 0x00, 0x80, 0x00, 0x80, 0x04, 0x80, 0x00, 0x80,
		0x00, 0x80, 0x01, 0x80, 0x03, 0x80, 0x00, 0x80, 0x00, 0x80, 0x01, 0x80,
		0x01, 0x80, 0x00, 0x80, 0x00, 0x80, 0x01, 0x80, 0x02, 0x80, 0x00, 0x80,
		0x00, 0x80, 0x01, 0x80, 0x01, 0x80, 0x00, 0x80, 0x00, 0x80, 0x00, 0x80,
		0x00, 0x80, 0x02, 0x80, 0x00, 0x80, 0x00, 0x80, 0x01, 0x80, 0x03, 0x80,
		0x00, 0x80, 0x00, 0x80, 0x01, 0x80, 0x03, 0x80, 0x01, 0x80, 0x00, 0x80,
		0x00, 0x80, 0x02, 0x80, 0x02, 0x80, 0x00, 0x80, 0x00, 0x80, 0x03, 0x80,
		0x02, 0x80, 0x00, 0x80, 0x00, 0x80, 0x02, 0x80, 0x03, 0x80, 0x00, 0x80,
		0x00, 0x80, 0x01, 0x80, 0x05, 0x80, 0x00, 0x80, 0x00, 0x80, 0x00, 0x80,
		0x04, 0x80, 0x00, 0x80, 0x00, 0x80, 0x00, 0x80, 0x01, 0x80, 0x00, 0x80,
		0x00, 0x80, 0x00, 0x80, 0x00, 0x80, 0x00, 0x80, 0x02, 0x80, 0x02, 0x80,
		0x00, 0x80, 0x00, 0x80, 0x02, 0x80, 0x03, 0x80, 0x00, 0x80, 0x00, 0x80,
		0x00, 0x80, 0x00, 0x80, 0x02, 0x80, 0x02, 0x80, 0x00, 0x80, 0x00, 0x80,
		0x04, 0x80, 0x03, 0x80, 0x00, 0x80, 0x00, 0x80, 0x02, 0x80, 0x03, 0x80,
		0x00, 0x80, 0x00, 0x80, 0x02, 0x80, 0x01, 0x80, 0x00, 0x80, 0x00, 0x80,
		0x02, 0x80, 0x00, 0x80, 0x00, 0x80, 0x00, 0x80, 0x01, 0x80, 0x01, 0x80,
		0x00, 0x80, 0x00, 0x80, 0x02, 0x80, 0x02, 0x80, 0x00, 0x80, 0x00, 0x80,
		0x03, 0x80, 0x01, 0x80, 0x00, 0x80, 0x00, 0x80, 0x00, 0x80, 0x00, 0x80,
		0x00, 0x80, 0x01, 0x80, 0x00, 0x80, 0x00, 0x80, 0x01, 0x80, 0x01, 0x80,
		0x00, 0x80, 0x00, 0x80, 0xFF, 0x7F, 0xFF, 0x7F, 0xFE, 0x7F, 0xFF, 0x7F,
		0xFF, 0x7F, 0xFF, 0x7F, 0xFF, 0x7F, 0xFF, 0x7F, 0xFF, 0x7F, 0xFD, 0x7F,
		0xFF, 0x7F, 0xFF, 0x7F, 0xFF, 0x7F, 0xFD, 0x7F, 0xFF, 0x7F, 0xFF, 0x7F,
		0xFF, 0x7F, 0xFF, 0x7F, 0xFE, 0x7F, 0xFF, 0x7F, 0xFF, 0x7F, 0xFF, 0x7F,
		0xFF, 0x7F, 0xFF, 0x7F, 0xFF, 0x7F, 0xFE, 0x7F, 0xFF, 0x7F, 0xFF, 0x7F,
		0xFF, 0x7F, 0xFF, 0x7F, 0xFF, 0x7F, 0xFF, 0x7F, 0xFF, 0x7F, 0xFF, 0x7F,
		0xFE, 0x7F, 0xFF, 0x7F, 0xFF, 0x7F, 0xFF, 0x7F, 0xFE, 0x7F, 0xFF, 0x7F,
		0xFF, 0x7F, 0xFF, 0x7F, 0xFF, 0x7F, 0xFF, 0x7F, 0xFF, 0x7F, 0xFF, 0x7F,
		0xFF, 0x7F, 0xFF, 0x7F, 0xFE, 0x7F, 0xFF, 0x7F, 0xFF, 0x7F, 0xFF, 0x7F,
		0xFF, 0x7F, 0xFF, 0x7F, 0xFF, 0x7F, 0xFF, 0x7F, 0xFF, 0x7F, 0xFF, 0x7F,
		0xFF, 0x7F, 0xFF, 0x7F, 0xFF, 0x7F, 0xFF, 0x7F, 0xFF, 0x7F, 0xFF, 0x7F,
		0xFF, 0x7F, 0xFF, 0x7F, 0xFD, 0x7F, 0xFF, 0x7F, 0xFF, 0x7F, 0xFF, 0x7F,
		0xFD, 0x7F, 0xFF, 0x7F, 0xFF, 0x7F, 0xFC, 0x7F, 0xFD, 0x7F, 0xFF, 0x7F,
		0xFF, 0x7F, 0xFC, 0x7F, 0xFD, 0x7F, 0xFF, 0x7F, 0xFF, 0x7F, 0xFF, 0x7F,
		0xFE, 0x7F, 0xFF, 0x7F, 0xFF, 0x7F, 0xFF, 0x7F, 0xFF, 0x7F, 0xFF, 0x7F,
		0xFF, 0x7F, 0xFF, 0x7F, 0xFF, 0x7F, 0xFF, 0x7F, 0xFF, 0x7F, 0xFF, 0x7F,
		0xFF, 0x7F, 0xFF, 0x7F, 0xFF, 0x7F, 0xFF, 0x7F, 0xFF, 0x7F, 0xFD, 0x7F,
		0xFF, 0x7F, 0xFF, 0x7F, 0xFE, 0x7F, 0xFE, 0x7F, 0xFF, 0x7F, 0xFF, 0x7F,
		0xFE, 0x7F, 0xFF, 0x7F, 0xFF, 0x7F, 0xFF, 0x7F, 0xFF, 0x7F, 0xFF, 0x7F,
		0xFF, 0x7F, 0xFF, 0x7F, 0xFE, 0x7F, 0xFE, 0x7F, 0xFF, 0x7F, 0xFF, 0x7F,
		0xFE, 0x7F, 0xFF, 0x7F, 0xFF, 0x7F, 0xFF, 0x7F, 0xFF, 0x7F, 0xFF, 0x7F,
		0xFF, 0x7F, 0xFF, 0x7F, 0xFF, 0x7F, 0xFF, 0x7F, 0xFF, 0x7F, 0xFF, 0x7F,
		0xFF, 0x7F, 0xFE, 0x7F, 0xFF, 0x7F, 0xFF, 0x7F, 0xFF, 0x7F, 0xFF, 0x7F,
		0xFE, 0x7F, 0xFF, 0x7F, 0xFF, 0x7F, 0xFF, 0x7F, 0xFD, 0x7F, 0xFF, 0x7F,
		0xFF, 0x7F, 0xFF, 0x7F, 0xFD, 0x7F, 0xFF, 0x7F, 0xFF, 0x7F, 0xFE, 0x7F,
		0xFF, 0x7F, 0xFF, 0x7F, 0xFF, 0x7F, 0xFE, 0x7F, 0xFD, 0x7F, 0xFF, 0x7F,
		0xFF, 0x7F, 0xFF, 0x7F, 0xFD, 0x7F, 0xFF, 0x7F, 0xFF, 0x7F, 0xFF, 0x7F,
		0xFF, 0x7F, 0xFF, 0x7F, 0xFF, 0x7F, 0xFF, 0x7F, 0xFF, 0x7F, 0xFF, 0x7F,
		0xFF, 0x7F, 0xFC, 0x7F, 0xFF, 0x7F, 0xFF, 0x7F, 0xFF, 0x7F, 0xFF, 0x7F,
		0xFF, 0x7F, 0xFF, 0x7F, 0xFF, 0x7F, 0xFF, 0x7F, 0xFD, 0x7F, 0xFC, 0x7F,
		0xFF, 0x7F, 0xFF, 0x7F, 0xFD, 0x7F, 0xFD, 0x7F, 0xFF, 0x7F, 0xFF, 0x7F,
		0xFF, 0x7F, 0xFF, 0x7F, 0xFF, 0x7F, 0xFF, 0x7F, 0xFF, 0x7F, 0xFF, 0x7F,
		0xFF, 0x7F, 0xFF, 0x7F, 0xFF, 0x7F, 0xFF, 0x7F, 0xFF, 0x7F, 0xFF, 0x7F,
		0xFD, 0x7F, 0xFF, 0x7F, 0xFF, 0x7F, 0xFF, 0x7F, 0xFE, 0x7F, 0xFD, 0x7F,
		0xFF, 0x7F, 0xFF, 0x7F, 0xFD, 0x7F, 0xFE, 0x7F, 0xFF, 0x7F, 0xFF, 0x7F,
		0xFD, 0x7F, 0xFF, 0x7F, 0xFF, 0x7F, 0xFF, 0x7F, 0xFE, 0x7F, 0xFF, 0x7F,
		0xFF, 0x7F, 0xFF, 0x7F, 0xFF, 0x7F, 0xFF, 0x7F, 0x01, 0x80, 0x00, 0x80,
		0x00, 0x80, 0x02, 0x80, 0x00, 0x80, 0x00, 0x80, 0x01, 0x80, 0x02, 0x80,
		0x00, 0x80, 0x00, 0x80, 0x02, 0x80, 0x00, 0x80, 0x00, 0x80, 0x01, 0x80,
		0x00, 0x80, 0x00, 0x80, 0x00, 0x80, 0x01, 0x80, 0x00, 0x80, 0x00, 0x80,
		0x00, 0x80, 0x01, 0x80, 0x01, 0x80, 0x00, 0x80, 0x00, 0x80, 0x01, 0x80,
		0x02, 0x80, 0x00, 0x80, 0x00, 0x80, 0x01, 0x80, 0x01, 0x80, 0x00, 0x80,
		0x01, 0x80, 0x01, 0x80, 0x00, 0x80, 0x00, 0x80, 0x01, 0x80, 0x01, 0x80,
		0x00, 0x80, 0x00, 0x80, 0x01, 0x80, 0x00, 0x80, 0x01, 0x80, 0x01, 0x80,
		0x00, 0x80, 0x00, 0x80, 0x01, 0x80, 0x03, 0x80, 0x00, 0x80, 0x00, 0x80,
		0x02, 0x80, 0x00, 0x80, 0x00, 0x80, 0x01, 0x80, 0x00, 0x80, 0x00, 0x80,
		0x01, 0x80, 0x04, 0x80, 0x00, 0x80, 0x00, 0x80, 0x02, 0x80, 0x02, 0x80,
		0x00, 0x80, 0x00, 0x80, 0x02, 0x80, 0x01, 0x80, 0x00, 0x80, 0x00, 0x80,
		0x02, 0x80, 0x00, 0x80, 0x00, 0x80, 0x00, 0x80, 0x02, 0x80, 0x03, 0x80,
		0x00, 0x80, 0x00, 0x80, 0x00, 0x80, 0x04, 0x80, 0x00, 0x80, 0x00, 0x80,
		0x00, 0x80, 0x04, 0x80, 0x00, 0x80, 0x00, 0x80, 0x00, 0x80, 0x01, 0x80,
		0x01, 0x80, 0x00, 0x80, 0x00, 0x80, 0x01, 0x80, 0x02, 0x80, 0x00, 0x80,
		0x00, 0x80, 0x03, 0x80, 0x01, 0x80, 0x00, 0x80, 0x01, 0x80, 0x00, 0x80,
		0x00, 0x80, 0x01, 0x80, 0x02, 0x80, 0x00, 0x80, 0x00, 0x80, 0x01, 0x80,
		0x01, 0x80, 0x00, 0x80, 0x00, 0x80, 0x01, 0x80, 0x01, 0x80, 0x00, 0x80,
		0x00, 0x80, 0x01, 0x80, 0x01, 0x80, 0x00, 0x80, 0x00, 0x80, 0x00, 0x80,
		0x00, 0x80, 0x01, 0x80, 0x02, 0x80, 0x00, 0x80, 0x00, 0x80, 0x01, 0x80,
		0x01, 0x80, 0x00, 0x80, 0x01, 0x80, 0x01, 0x80, 0x00, 0x80, 0x00, 0x80,
		0x01, 0x80, 0x00, 0x80, 0x00, 0x80, 0x01, 0x80, 0x00, 0x80, 0x00, 0x80,
		0x02, 0x80, 0x03, 0x80, 0x00, 0x80, 0x00, 0x80, 0x00, 0x80, 0x04, 0x80,
		0x01, 0x80, 0x00, 0x80, 0x00, 0x80, 0x02, 0x80, 0x01, 0x80, 0x00, 0x80,
		0x01, 0x80, 0x00, 0x80, 0x00, 0x80, 0x02, 0x80, 0x01, 0x80, 0x00, 0x80,
		0x00, 0x80, 0x02, 0x80, 0x01, 0x80, 0x00, 0x80, 0x00, 0x80, 0x02, 0x80,
		0x03, 0x80, 0x00, 0x80, 0x00, 0x80, 0x00, 0x80, 0x00, 0x80, 0x02, 0x80,
		0x01, 0x80, 0x00, 0x80, 0x00, 0x80, 0x03, 0x80, 0x00, 0x80, 0x00, 0x80,
		0x02, 0x80, 0x01, 0x80, 0x00, 0x80, 0x00, 0x80, 0x05, 0x80, 0x01, 0x80,
		0x00, 0x80, 0x00, 0x80, 0x04, 0x80, 0x03, 0x80, 0x00, 0x80, 0x00, 0x80,
		0x02, 0x80, 0x03, 0x80, 0x00, 0x80, 0x00, 0x80, 0x00, 0x80, 0x03, 0x80,
		0x01, 0x80, 0x00, 0x80, 0x00, 0x80, 0x03, 0x80, 0x00, 0x80, 0x00, 0x80,
		0x01, 0x80, 0x03, 0x80, 0x00, 0x80, 0x00, 0x80, 0x02, 0x80, 0x01, 0x80,
		0x00, 0x80, 0x00, 0x80, 0x00, 0x80, 0x00, 0x80, 0x01, 0x80, 0x01, 0x80,
		0x00, 0x80, 0x00, 0x80, 0x00, 0x80, 0x00, 0x80, 0x01, 0x80, 0x01, 0x80,
		0x00, 0x80, 0x01, 0x80, 0x02, 0x80, 0x00, 0x80, 0xFF, 0x7F, 0xFF, 0x7F,
		0xFF, 0x7F, 0xFB, 0x7F, 0xFF, 0x7F, 0xFF, 0x7F, 0xFE, 0x7F, 0xFA, 0x7F,
		0xFF, 0x7F, 0xFF, 0x7F, 0xFE, 0x7F, 0xFA, 0x7F, 0xFF, 0x7F, 0xFF, 0x7F,
		0xFE, 0x7F, 0xFD, 0x7F, 0xFF, 0x7F, 0xFF, 0x7F, 0xFE, 0x7F, 0xFF, 0x7F,
		0xFF, 0x7F, 0xFF, 0x7F, 0xFF, 0x7F, 0xFF, 0x7F, 0xFE, 0x7F, 0xFF, 0x7F,
		0xFF, 0x7F, 0xFF, 0x7F, 0xFE, 0x7F, 0xFF, 0x7F, 0xFF, 0x7F, 0xFF, 0x7F,
		0xFE, 0x7F, 0xFF, 0x7F, 0xFF, 0x7F, 0xFF, 0x7F, 0xFC, 0x7F, 0xFF, 0x7F,
		0xFF, 0x7F, 0xFF, 0x7F, 0xFC, 0x7F, 0xFF, 0x7F, 0xFF, 0x7F, 0xFF, 0x7F,
		0xFD, 0x7F, 0xFF, 0x7F, 0xFF, 0x7F, 0xFF, 0x7F, 0xFF, 0x7F, 0xFF, 0x7F,
		0xFF, 0x7F, 0xFF, 0x7F, 0xFF, 0x7F, 0xFF, 0x7F, 0xFF, 0x7F, 0xFE, 0x7F,
		0xFF, 0x7F, 0xFF, 0x7F, 0xFF, 0x7F, 0xFF, 0x7F, 0xFE, 0x7F, 0xFF, 0x7F,
		0xFF, 0x7F, 0xFF, 0x7F, 0xFF, 0x7F, 0xFF, 0x7F, 0xFF, 0x7F, 0xFF, 0x7F,
		0xFF, 0x7F, 0xFF, 0x7F, 0xFF, 0x7F, 0xFF, 0x7F, 0xFF, 0x7F, 0xFF, 0x7F,
		0xFF, 0x7F, 0xFE, 0x7F, 0xFF, 0x7F, 0xFF, 0x7F, 0xFF, 0x7F, 0xFE, 0x7F,
		0xFF, 0x7F, 0xFF, 0x7F, 0xFF, 0x7F, 0xFF, 0x7F, 0xFD, 0x7F, 0xFF, 0x7F,
		0xFF, 0x7F, 0xFF, 0x7F, 0xFE, 0x7F, 0xFE, 0x7F, 0xFF, 0x7F, 0xFF, 0x7F,
		0xFF, 0x7F, 0xFD, 0x7F, 0xFD, 0x7F, 0xFF, 0x7F, 0xFF, 0x7F, 0xFE, 0x7F,
		0xFB, 0x7F, 0xFF, 0x7F, 0xFF, 0x7F, 0xFE, 0x7F, 0xFA, 0x7F, 0xFF, 0x7F,
		0xFF, 0x7F, 0xFE, 0x7F, 0xFC, 0x7F, 0xFF, 0x7F, 0xFF, 0x7F, 0xFE, 0x7F,
		0xFC, 0x7F, 0xFF, 0x7F, 0xFF, 0x7F, 0xFE, 0x7F, 0xFE, 0x7F, 0xFF, 0x7F,
		0xFF, 0x7F, 0xFF, 0x7F, 0xFF, 0x7F, 0xFF, 0x7F, 0xFF, 0x7F, 0xFF, 0x7F,
		0xFF, 0x7F, 0xFB, 0x7F, 0xFF, 0x7F, 0xFF, 0x7F, 0xFF, 0x7F, 0xFB, 0x7F,
		0xFF, 0x7F, 0xFF, 0x7F, 0xFF, 0x7F, 0xFF, 0x7F, 0xFF, 0x7F, 0xFF, 0x7F,
		0xFF, 0x7F, 0xFF, 0x7F, 0xFF, 0x7F, 0xFF, 0x7F, 0xFF, 0x7F, 0xFC, 0x7F,
		0xFE, 0x7F, 0xFF, 0x7F, 0xFF, 0x7F, 0xFF, 0x7F, 0xFD, 0x7F, 0xFF, 0x7F,
		0xFF, 0x7F, 0xFF, 0x7F, 0xFD, 0x7F, 0xFD, 0x7F, 0xFF, 0x7F, 0xFF, 0x7F,
		0xFD, 0x7F, 0xFD, 0x7F, 0xFF, 0x7F, 0xFF, 0x7F, 0xFD, 0x7F, 0xFF, 0x7F,
		0xFF, 0x7F, 0xFF, 0x7F, 0xFB, 0x7F, 0xFF, 0x7F, 0xFF, 0x7F, 0xFF, 0x7F,
		0xFA, 0x7F, 0xFE, 0x7F, 0xFF, 0x7F, 0xFF, 0x7F, 0xFD, 0x7F, 0xFE, 0x7F,
		0xFF, 0x7F, 0xFF, 0x7F, 0xFF, 0x7F, 0xFF, 0x7F, 0xFF, 0x7F, 0xFF, 0x7F,
		0xFF, 0x7F, 0xFF, 0x7F, 0xFF, 0x7F, 0xFF, 0x7F, 0xFE, 0x7F, 0xFF, 0x7F,
		0xFF, 0x7F, 0xFE, 0x7F, 0xFE, 0x7F, 0xFF, 0x7F, 0xFF, 0x7F, 0xFF, 0x7F,
		0xFD, 0x7F, 0xFD, 0x7F, 0xFF, 0x7F, 0xFF, 0x7F, 0xFD, 0x7F, 0xFE, 0x7F,
		0xFF, 0x7F, 0xFF, 0x7F, 0xFE, 0x7F, 0xFF, 0x7F, 0xFF, 0x7F, 0xFF, 0x7F,
		0xFF, 0x7F, 0xFE, 0x7F, 0xFF, 0x7F, 0xFF, 0x7F, 0xFF, 0x7F, 0xFB, 0x7F,
		0xFE, 0x7F, 0xFF, 0x7F, 0x02, 0x80, 0x00, 0x80, 0x00, 0x80, 0x00, 0x80,
		0x01, 0x80, 0x02, 0x80, 0x01, 0x80, 0x00, 0x80, 0x00, 0x80, 0x03, 0x80,
		0x00, 0x80, 0x00, 0x80, 0x01, 0x80, 0x00, 0x80, 0x00, 0x80, 0x02, 0x80,
		0x02, 0x80, 0x00, 0x80, 0x00, 0x80, 0x03, 0x80, 0x00, 0x80, 0x00, 0x80,
		0x00, 0x80, 0x01, 0x80, 0x00, 0x80, 0x00, 0x80, 0x01, 0x80, 0x00, 0x80,
		0x00, 0x80, 0x02, 0x80, 0x02, 0x80, 0x00, 0x80, 0x00, 0x80, 0x03, 0x80,
		0x02, 0x80, 0x00, 0x80, 0x00, 0x80, 0x02, 0x80, 0x01, 0x80, 0x00, 0x80,
		0x00, 0x80, 0x01, 0x80, 0x03, 0x80, 0x00, 0x80, 0x00, 0x80, 0x00, 0x80,
		0x03, 0x80, 0x00, 0x80, 0x00, 0x80, 0x00, 0x80, 0x01, 0x80, 0x00, 0x80,
		0x00, 0x80, 0x02, 0x80, 0x02, 0x80, 0x00, 0x80, 0x00, 0x80, 0x02, 0x80,
		0x01, 0x80, 0x00, 0x80, 0x00, 0x80, 0x01, 0x80, 0x00, 0x80, 0x00, 0x80,
		0x04, 0x80, 0x01, 0x80, 0x00, 0x80, 0x00, 0x80, 0x03, 0x80, 0x00, 0x80,
		0x00, 0x80, 0x02, 0x80, 0x01, 0x80, 0x00, 0x80, 0x00, 0x80, 0x03, 0x80,
		0x02, 0x80, 0x00, 0x80, 0x00, 0x80, 0x03, 0x80, 0x03, 0x80, 0x00, 0x80,
		0x00, 0x80, 0x02, 0x80, 0x01, 0x80, 0x00, 0x80, 0x00, 0x80, 0x03, 0x80,
		0x00, 0x80, 0x00, 0x80, 0x02, 0x80, 0x04, 0x80, 0x00, 0x80, 0x00, 0x80,
		0x03, 0x80, 0x03, 0x80, 0x00, 0x80, 0x00, 0x80, 0x03, 0x80, 0x00, 0x80,
		0x00, 0x80, 0x02, 0x80, 0x00, 0x80, 0x00, 0x80, 0x01, 0x80, 0x01, 0x80,
		0x00, 0x80, 0x00, 0x80, 0x01, 0x80, 0x00, 0x80, 0x00, 0x80, 0x01, 0x80,
		0x00, 0x80, 0x00, 0x80, 0x01, 0x80, 0x01, 0x80, 0x00, 0x80, 0x00, 0x80,
		0x02, 0x80, 0x01, 0x80, 0x00, 0x80, 0x00, 0x80, 0x03, 0x80, 0x01, 0x80,
		0x00, 0x80, 0x00, 0x80, 0x01, 0x80, 0x00, 0x80, 0x00, 0x80, 0x02, 0x80,
		0x00, 0x80, 0x00, 0x80, 0x01, 0x80, 0x06, 0x80, 0x00, 0x80, 0x00, 0x80,
		0x00, 0x80, 0x06, 0x80, 0x00, 0x80, 0x00, 0x80, 0x00, 0x80, 0x02, 0x80,
		0x01, 0x80, 0x00, 0x80, 0x00, 0x80, 0x00, 0x80, 0x02, 0x80, 0x00, 0x80,
		0x00, 0x80, 0x01, 0x80, 0x02, 0x80, 0x00, 0x80, 0x00, 0x80, 0x00, 0x80,
		0x01, 0x80, 0x01, 0x80, 0x00, 0x80, 0x00, 0x80, 0x00, 0x80, 0x00, 0x80,
		0x00, 0x80, 0x01, 0x80, 0x00, 0x80, 0x00, 0x80, 0x00, 0x80, 0x02, 0x80,
		0x00, 0x80, 0x00, 0x80, 0x01, 0x80, 0x00, 0x80, 0x00, 0x80, 0x01, 0x80,
		0x02, 0x80, 0x00, 0x80, 0x00, 0x80, 0x00, 0x80, 0x04, 0x80, 0x00, 0x80,
		0x00, 0x80, 0x00, 0x80, 0x04, 0x80, 0x00, 0x80, 0x00, 0x80, 0x01, 0x80,
		0x03, 0x80, 0x00, 0x80, 0x00, 0x80, 0x02, 0x80, 0x02, 0x80, 0x00, 0x80,
		0x00, 0x80, 0x01, 0x80, 0x01, 0x80, 0x00, 0x80, 0x00, 0x80, 0x00, 0x80,
		0x00, 0x80, 0x00, 0x80, 0x00, 0x80, 0x00, 0x80, 0x00, 0x80, 0x00, 0x80,
		0x00, 0x80, 0x00, 0x80, 0x02, 0x80, 0x02, 0x80, 0x00, 0x80, 0x00, 0x80,
		0xFF, 0x7F, 0xFF, 0x7F, 0xFE, 0x7F, 0xFF, 0x7F, 0xFF, 0x7F, 0xFF, 0x7F,
		0xFE, 0x7F, 0xFF, 0x7F, 0xFF, 0x7F, 0xFF, 0x7F, 0xFF, 0x7F, 0xFF, 0x7F,
		0xFF, 0x7F, 0xFF, 0x7F, 0xFF, 0x7F, 0xFF, 0x7F, 0xFB, 0x7F, 0xFF, 0x7F,
		0xFF, 0x7F, 0xFF, 0x7F, 0xFB, 0x7F, 0xFF, 0x7F, 0xFF, 0x7F, 0xFE, 0x7F,
		0xFD, 0x7F, 0xFF, 0x7F, 0xFF, 0x7F, 0xFF, 0x7F, 0xFF, 0x7F, 0xFF, 0x7F,
		0xFF, 0x7F, 0xFF, 0x7F, 0xFF, 0x7F, 0xFE, 0x7F, 0xFF, 0x7F, 0xFF, 0x7F,
		0xFF, 0x7F, 0xFF, 0x7F, 0xFF, 0x7F, 0xFF, 0x7F, 0xFE, 0x7F, 0xFF, 0x7F,
		0xFF, 0x7F, 0xFD, 0x7F, 0xFF, 0x7F, 0xFF, 0x7F, 0xFF, 0x7F, 0xFD, 0x7F,
		0xFF, 0x7F, 0xFF, 0x7F, 0xFD, 0x7F, 0xFF, 0x7F, 0xFF, 0x7F, 0xFF, 0x7F,
		0xFE, 0x7F, 0xFF, 0x7F, 0xFF, 0x7F, 0xFF, 0x7F, 0xFF, 0x7F, 0xFF, 0x7F,
		0xFF, 0x7F, 0xFF, 0x7F, 0xFF, 0x7F, 0xFF, 0x7F, 0xFF, 0x7F, 0xFF, 0x7F,
		0xFD, 0x7F, 0xFF, 0x7F, 0xFF, 0x7F, 0xFF, 0x7F, 0xFE, 0x7F, 0xFF, 0x7F,
		0xFF, 0x7F, 0xFF, 0x7F, 0xFF, 0x7F, 0xFF, 0x7F, 0xFF, 0x7F, 0xFF, 0x7F,
		0xFF, 0x7F, 0xFE, 0x7F, 0xFF, 0x7F, 0xFF, 0x7F, 0xFF, 0x7F, 0xFF, 0x7F,
		0xFF, 0x7F, 0xFF, 0x7F, 0xFF, 0x7F, 0xFF, 0x7F, 0xFD, 0x7F, 0xFF, 0x7F,
		0xFF, 0x7F, 0xFF, 0x7F, 0xFE, 0x7F, 0xFE, 0x7F, 0xFF, 0x7F, 0xFF, 0x7F,
		0xFF, 0x7F, 0xFF, 0x7F, 0xFF, 0x7F, 0xFD, 0x7F, 0xFF, 0x7F, 0xFF, 0x7F,
		0xFF, 0x7F, 0xFC, 0x7F, 0xFF, 0x7F, 0xFF, 0x7F, 0xFD, 0x7F, 0xFC, 0x7F,
		0xFF, 0x7F, 0xFF, 0x7F, 0xFD, 0x7F, 0xFF, 0x7F, 0xFF, 0x7F, 0xFF, 0x7F,
		0xFF, 0x7F, 0xFF, 0x7F, 0xFF, 0x7F, 0xFC, 0x7F, 0xFF, 0x7F, 0xFF, 0x7F,
		0xFF, 0x7F, 0xFE, 0x7F, 0xFF, 0x7F, 0xFF, 0x7F, 0xFE, 0x7F, 0xFE, 0x7F,
		0xFF, 0x7F, 0xFF, 0x7F, 0xFF, 0x7F, 0xFE, 0x7F, 0xFF, 0x7F, 0xFF, 0x7F,
		0xFF, 0x7F, 0xFF, 0x7F, 0xFE, 0x7F, 0xFF, 0x7F, 0xFF, 0x7F, 0xFF, 0x7F,
		0xFE, 0x7F, 0xFF, 0x7F, 0xFF, 0x7F, 0xFD, 0x7F, 0xFD, 0x7F, 0xFF, 0x7F,
		0xFF, 0x7F, 0xFC, 0x7F, 0xFF, 0x7F, 0xFF, 0x7F, 0xFF, 0x7F, 0xFC, 0x7F,
		0xFF, 0x7F, 0xFF, 0x7F, 0xFF, 0x7F, 0xFC, 0x7F, 0xFE, 0x7F, 0xFF, 0x7F,
		0xFF, 0x7F, 0xFC, 0x7F, 0xFD, 0x7F, 0xFF, 0x7F, 0xFF, 0x7F, 0xFE, 0x7F,
		0xFF, 0x7F, 0xFF, 0x7F, 0xFF, 0x7F, 0xFF, 0x7F, 0xFF, 0x7F, 0xFD, 0x7F,
		0xFE, 0x7F, 0xFF, 0x7F, 0xFF, 0x7F, 0xFC, 0x7F, 0xFF, 0x7F, 0xFF, 0x7F,
		0xFF, 0x7F, 0xFF, 0x7F, 0xFF, 0x7F, 0xFF, 0x7F, 0xFE, 0x7F, 0xFF, 0x7F,
		0xFF, 0x7F, 0xFF, 0x7F, 0xFF, 0x7F, 0xFF, 0x7F, 0xFF, 0x7F, 0xFF, 0x7F,
		0xFF, 0x7F, 0xFF, 0x7F, 0xFE, 0x7F, 0xFD, 0x7F, 0xFF, 0x7F, 0xFF, 0x7F,
		0xFF, 0x7F, 0xFC, 0x7F, 0xFF, 0x7F, 0xFF, 0x7F, 0xFE, 0x7F, 0xFE, 0x7F,
		0x02, 0x97, 0x02, 0x97, 0x00, 0x80, 0x00, 0x80, 0x00, 0x80, 0x01, 0x80,
		0x01, 0x80, 0x00, 0x80, 0x00, 0x80, 0x00, 0x80, 0x01, 0x80, 0x01, 0x80,
		0x00, 0x80, 0x00, 0x80, 0x00, 0x80, 0x02, 0x80, 0x01, 0x80, 0x00, 0x80,
		0x00, 0x80, 0x00, 0x80, 0x04, 0x80, 0x03, 0x80, 0x00, 0x80, 0x00, 0x80,
		0x03, 0x80, 0x01, 0x80, 0x00, 0x80, 0x02, 0x80, 0x01, 0x80, 0x00, 0x80,
		0x01, 0x80, 0x04, 0x80, 0x00, 0x80, 0x00, 0x80, 0x02, 0x80, 0x00, 0x80,
		0x00, 0x80, 0x01, 0x80, 0x05, 0x80, 0x00, 0x80, 0x00, 0x80, 0x00, 0x80,
		0x04, 0x80, 0x01, 0x80, 0x00, 0x80, 0x00, 0x80, 0x01, 0x80, 0x00, 0x80,
		0x01, 0x80, 0x02, 0x80, 0x00, 0x80, 0x00, 0x80, 0x01, 0x80, 0x03, 0x80,
		0x00, 0x80, 0x00, 0x80, 0x02, 0x80, 0x00, 0x80, 0x00, 0x80, 0x02, 0x80,
		0x03, 0x80, 0x00, 0x80, 0x00, 0x80, 0x02, 0x80, 0x02, 0x80, 0x00, 0x80,
		0x00, 0x80, 0x00, 0x80, 0x02, 0x80, 0x01, 0x80, 0x00, 0x80, 0x00, 0x80,
		0x02, 0x80, 0x00, 0x80, 0x00, 0x80, 0x01, 0x80, 0x02, 0x80, 0x00, 0x80,
		0x00, 0x80, 0x00, 0x80, 0x02, 0x80, 0x01, 0x80, 0x00, 0x80, 0x00, 0x80,
		0x01, 0x80, 0x01, 0x80, 0x00, 0x80, 0x00, 0x80, 0x00, 0x80, 0x00, 0x80,
		0x00, 0x80, 0x02, 0x80, 0x00, 0x80, 0x00, 0x80, 0x00, 0x80, 0x03, 0x80,
		0x00, 0x80, 0x00, 0x80, 0x00, 0x80, 0x01, 0x80, 0x00, 0x80, 0x00, 0x80,
		0x00, 0x80, 0x00, 0x80, 0x00, 0x80, 0x00, 0x80, 0x01, 0x80, 0x02, 0x80,
		0x00, 0x80, 0x00, 0x80, 0x03, 0x80, 0x04, 0x80, 0x00, 0x80, 0x00, 0x80,
		0x04, 0x80, 0x02, 0x80, 0x00, 0x80, 0x00, 0x80, 0x02, 0x80, 0x01, 0x80,
		0x00, 0x80, 0x00, 0x80, 0x00, 0x80, 0x00, 0x80, 0x01, 0x80, 0x01, 0x80,
		0x00, 0x80, 0x00, 0x80, 0x02, 0x80, 0x00, 0x80, 0x00, 0x80, 0x02, 0x80,
		0x00, 0x80, 0x00, 0x80, 0x01, 0x80, 0x04, 0x80, 0x00, 0x80, 0x00, 0x80,
		0x02, 0x80, 0x01, 0x80, 0x00, 0x80, 0x01, 0x80, 0x00, 0x80, 0x00, 0x80,
		0x03, 0x80, 0x02, 0x80, 0x00, 0x80, 0x00, 0x80, 0x04, 0x80, 0x00, 0x80,
		0x00, 0x80, 0x03, 0x80, 0x03, 0x80, 0x00, 0x80, 0x00, 0x80, 0x04, 0x80,
		0x03, 0x80, 0x00, 0x80, 0x00, 0x80, 0x01, 0x80, 0x04, 0x80, 0x00, 0x80,
		0x00, 0x80, 0x00, 0x80, 0x04, 0x80, 0x00, 0x80, 0x00, 0x80, 0x00, 0x80,
		0x02, 0x80, 0x00, 0x80, 0x00, 0x80, 0x00, 0x80, 0x00, 0x80, 0x00, 0x80,
		0x01, 0x80, 0x02, 0x80, 0x00, 0x80, 0x00, 0x80, 0x01, 0x80, 0x02, 0x80,
		0x00, 0x80, 0x00, 0x80, 0x00, 0x80, 0x01, 0x80, 0x02, 0x80, 0x00, 0x80,
		0x00, 0x80, 0x01, 0x80, 0x03, 0x80, 0x00, 0x80, 0x00, 0x80, 0x01, 0x80,
		0x03, 0x80, 0x00, 0x80, 0x00, 0x80, 0x00, 0x80, 0x01, 0x80, 0x00, 0x80,
		0xFF, 0x7F, 0xFF, 0x7F, 0xFE, 0x7F, 0xFD, 0x7F, 0xFF, 0x7F, 0xFF, 0x7F,
		0xFB, 0x7F, 0xFF, 0x7F, 0xFF, 0x7F, 0xFF, 0x7F, 0xFC, 0x7F, 0xFF, 0x7F,
		0xFF, 0x7F, 0xFD, 0x7F, 0xFE, 0x7F, 0xFF, 0x7F, 0xFF, 0x7F, 0xFD, 0x7F,
		0xFF, 0x7F, 0xFF, 0x7F, 0xFF, 0x7F, 0xFD, 0x7F, 0xFF, 0x7F, 0xFF, 0x7F,
		0xFF, 0x7F, 0xFF, 0x7F, 0xFF, 0x7F, 0xFF, 0x7F, 0xFF, 0x7F, 0xFF, 0x7F,
		0xFD, 0x7F, 0xFE, 0x7F, 0xFF, 0x7F, 0xFF, 0x7F, 0xFD, 0x7F, 0xFF, 0x7F,
		0xFF, 0x7F, 0xFF, 0x7F, 0xFC, 0x7F, 0xFF, 0x7F, 0xFF, 0x7F, 0xFF, 0x7F,
		0xFE, 0x7F, 0xFE, 0x7F, 0xFF, 0x7F, 0xFF, 0x7F, 0xFF, 0x7F, 0xFC, 0x7F,
		0xFE, 0x7F, 0xFF, 0x7F, 0xFF, 0x7F, 0xFE, 0x7F, 0xFE, 0x7F, 0xFF, 0x7F,
		0xFF, 0x7F, 0xFE, 0x7F, 0xFD, 0x7F, 0xFF, 0x7F, 0xFF, 0x7F, 0xFE, 0x7F,
		0xFC, 0x7F, 0xFF, 0x7F, 0xFF, 0x7F, 0xFE, 0x7F, 0xFC, 0x7F, 0xFF, 0x7F,
		0xFF, 0x7F, 0xFF, 0x7F, 0xFE, 0x7F, 0xFF, 0x7F, 0xFF, 0x7F, 0xFF, 0x7F,
		0xFE, 0x7F, 0xFF, 0x7F, 0xFF, 0x7F, 0xFF, 0x7F, 0xFE, 0x7F, 0xFF, 0x7F,
		0xFF, 0x7F, 0xFF, 0x7F, 0xFF, 0x7F, 0xFF, 0x7F, 0xFF, 0x7F, 0xFF, 0x7F,
		0xFF, 0x7F, 0xFF, 0x7F, 0xFF, 0x7F, 0xFF, 0x7F, 0xFF, 0x7F, 0xFE, 0x7F,
		0xFF, 0x7F, 0xFF, 0x7F, 0xFF, 0x7F, 0xFE, 0x7F, 0xFD, 0x7F, 0xFF, 0x7F,
		0xFF, 0x7F, 0xFF, 0x7F, 0xFE, 0x7F, 0xFC, 0x7F, 0xFF, 0x7F, 0xFF, 0x7F,
		0xFF, 0x7F, 0xFE, 0x7F, 0xFF, 0x7F, 0xFF, 0x7F, 0xFF, 0x7F, 0xFF, 0x7F,
		0xFF, 0x7F, 0xFF, 0x7F, 0xFF, 0x7F, 0xFF, 0x7F, 0xFF, 0x7F, 0xFE, 0x7F,
		0xFE, 0x7F, 0xFF, 0x7F, 0xFF, 0x7F, 0xFC, 0x7F, 0xFF, 0x7F, 0xFF, 0x7F,
		0xFE, 0x7F, 0xFF, 0x7F, 0xFF, 0x7F, 0xFF, 0x7F, 0xFF, 0x7F, 0xFF, 0x7F,
		0xFD, 0x7F, 0xFE, 0x7F, 0xFF, 0x7F, 0xFF, 0x7F, 0xFC, 0x7F, 0xFF, 0x7F,
		0xFF, 0x7F, 0xFD, 0x7F, 0xFC, 0x7F, 0xFF, 0x7F, 0xFF, 0x7F, 0xFD, 0x7F,
		0xFE, 0x7F, 0xFF, 0x7F, 0xFF, 0x7F, 0xFF, 0x7F, 0xFF, 0x7F, 0xFF, 0x7F,
		0xFD, 0x7F, 0xFF, 0x7F, 0xFF, 0x7F, 0xFF, 0x7F, 0xFC, 0x7F, 0xFF, 0x7F,
		0xFF, 0x7F, 0xFF, 0x7F, 0xFF, 0x7F, 0xFF, 0x7F, 0xFF, 0x7F, 0xFF, 0x7F,
		0xFF, 0x7F, 0xFF, 0x7F, 0xFF, 0x7F, 0xFF, 0x7F, 0xFF, 0x7F, 0xFF, 0x7F,
		0xFF, 0x7F, 0xFF, 0x7F, 0xFF, 0x7F, 0xFF, 0x7F, 0xFF, 0x7F, 0xFF, 0x7F,
		0xFF, 0x7F, 0xFF, 0x7F, 0xFF, 0x7F, 0xFF, 0x7F, 0xFF, 0x7F, 0xFF, 0x7F,
		0xFF, 0x7F, 0xFF, 0x7F, 0xFF, 0x7F, 0xFF, 0x7F, 0xFF, 0x7F, 0xFF, 0x7F,
		0xFF, 0x7F, 0xFF, 0x7F, 0xFE, 0x7F, 0xFF, 0x7F, 0xFF, 0x7F, 0xFF, 0x7F,
		0xFD, 0x7F, 0xFF, 0x7F, 0xFF, 0x7F, 0xFF, 0x7F, 0xFE, 0x7F, 0xFD, 0x7F,
		0x02, 0x80, 0x04, 0x80, 0x00, 0x80, 0x00, 0x80, 0x03, 0x80, 0x03, 0x80,
		0x00, 0x80, 0x00, 0x80, 0x01, 0x80, 0x01, 0x80, 0x01, 0x80, 0x00, 0x80,
		0x00, 0x80, 0x00, 0x80, 0x02, 0x80, 0x00, 0x80, 0x00, 0x80, 0x02, 0x80,
		0x00, 0x80, 0x00, 0x80, 0x00, 0x80, 0x02, 0x80, 0x01, 0x80, 0x00, 0x80,
		0x00, 0x80, 0x01, 0x80, 0x02, 0x80, 0x00, 0x80, 0x00, 0x80, 0x00, 0x80,
		0x00, 0x80, 0x00, 0x80, 0x00, 0x80, 0x00, 0x80, 0x01, 0x80, 0x00, 0x80,
		0x00, 0x80, 0x00, 0x80, 0x04, 0x80, 0x00, 0x80, 0x00, 0x80, 0x00, 0x80,
		0x02, 0x80, 0x00, 0x80, 0x00, 0x80, 0x00, 0x80, 0x00, 0x80, 0x01, 0x80,
		0x03, 0x80, 0x00, 0x80, 0x00, 0x80, 0x02, 0x80, 0x02, 0x80, 0x00, 0x80,
		0x00, 0x80, 0x00, 0x80, 0x00, 0x80, 0x00, 0x80, 0x01, 0x80, 0x00, 0x80,
		0x00, 0x80, 0x00, 0x80, 0x00, 0x80, 0x00, 0x80, 0x03, 0x80, 0x00, 0x80,
		0x00, 0x80, 0x00, 0x80, 0x02, 0x80, 0x00, 0x80, 0x00, 0x80, 0x01, 0x80,
		0x00, 0x80, 0x00, 0x80, 0x01, 0x80, 0x01, 0x80, 0x00, 0x80, 0x00, 0x80,
		0x02, 0x80, 0x01, 0x80, 0x00, 0x80, 0x00, 0x80, 0x01, 0x80, 0x00, 0x80,
		0x01, 0x80, 0x00, 0x80, 0x00, 0x80, 0x00, 0x80, 0x04, 0x80, 0x03, 0x80,
		0x00, 0x80, 0x00, 0x80, 0x03, 0x80, 0x03, 0x80, 0x00, 0x80, 0x00, 0x80,
		0x02, 0x80, 0x02, 0x80, 0x00, 0x80, 0x00, 0x80, 0x02, 0x80, 0x02, 0x80,
		0x00, 0x80, 0x00, 0x80, 0x03, 0x80, 0x01, 0x80, 0x00, 0x80, 0x01, 0x80,
		0x02, 0x80, 0x00, 0x80, 0x00, 0x80, 0x02, 0x80, 0x01, 0x80, 0x00, 0x80,
		0x00, 0x80, 0x02, 0x80, 0x01, 0x80, 0x00, 0x80, 0x00, 0x80, 0x02, 0x80,
		0x02, 0x80, 0x00, 0x80, 0x00, 0x80, 0x01, 0x80, 0x03, 0x80, 0x00, 0x80,
		0x00, 0x80, 0x00, 0x80, 0x01, 0x80, 0x00, 0x80, 0x00, 0x80, 0x02, 0x80,
		0x00, 0x80, 0x00, 0x80, 0x01, 0x80, 0x01, 0x80, 0x00, 0x80, 0x00, 0x80,
		0x01, 0x80, 0x00, 0x80, 0x00, 0x80, 0x01, 0x80, 0x01, 0x80, 0x00, 0x80,
		0x00, 0x80, 0x00, 0x80, 0x01, 0x80, 0x00, 0x80, 0x00, 0x80, 0x00, 0x80,
		0x00, 0x80, 0x00, 0x80, 0x01, 0x80, 0x02, 0x80, 0x00, 0x80, 0x00, 0x80,
		0x01, 0x80, 0x02, 0x80, 0x00, 0x80, 0x00, 0x80, 0x01, 0x80, 0x00, 0x80,
		0x00, 0x80, 0x02, 0x80, 0x01, 0x80, 0x00, 0x80, 0x00, 0x80, 0x01, 0x80,
		0x00, 0x80, 0x01, 0x80, 0x04, 0x80, 0x00, 0x80, 0x00, 0x80, 0x02, 0x80,
		0x05, 0x80, 0x00, 0x80, 0x00, 0x80, 0x02, 0x80, 0x02, 0x80, 0x00, 0x80,
		0x00, 0x80, 0x02, 0x80, 0x02, 0x80, 0x00, 0x80, 0x00, 0x80, 0x00, 0x80,
		0x03, 0x80, 0x00, 0x80, 0x00, 0x80, 0x01, 0x80, 0xFF, 0x7F, 0xFE, 0x7F,
		0xFF, 0x7F, 0xFF, 0x7F, 0xFF, 0x7F, 0xFF, 0x7F, 0xFF, 0x7F, 0xFF, 0x7F,
		0xFF, 0x7F, 0xFF, 0x7F, 0xFF, 0x7F, 0xFE, 0x7F, 0xFF, 0x7F, 0xFF, 0x7F,
		0xFE, 0x7F, 0xFE, 0x7F, 0xFF, 0x7F, 0xFF, 0x7F, 0xFF, 0x7F, 0xFF, 0x7F,
		0xFF, 0x7F, 0xFF, 0x7F, 0xFF, 0x7F, 0xFE, 0x7F, 0xFF, 0x7F, 0xFF, 0x7F,
		0xFF, 0x7F, 0xFE, 0x7F, 0xFF, 0x7F, 0xFF, 0x7F, 0xFE, 0x7F, 0xFF, 0x7F,
		0xFF, 0x7F, 0xFE, 0x7F, 0xFF, 0x7F, 0xFF, 0x7F, 0xFF, 0x7F, 0xFF, 0x7F,
		0xFF, 0x7F, 0xFF, 0x7F, 0xFE, 0x7F, 0xFF, 0x7F, 0xFF, 0x7F, 0xFF, 0x7F,
		0xFD, 0x7F, 0xFD, 0x7F, 0xFF, 0x7F, 0xFF, 0x7F, 0xFF, 0x7F, 0xFF, 0x7F,
		0xFF, 0x7F, 0xFF, 0x7F, 0xFF, 0x7F, 0xFF, 0x7F, 0xFF, 0x7F, 0xFD, 0x7F,
		0xFE, 0x7F, 0xFF, 0x7F, 0xFF, 0x7F, 0xFF, 0x7F, 0xFE, 0x7F, 0xFF, 0x7F,
		0xFF, 0x7F, 0xFF, 0x7F, 0xFF, 0x7F, 0xFF, 0x7F, 0xFE, 0x7F, 0xFF, 0x7F,
		0xFF, 0x7F, 0xFF, 0x7F, 0xFD, 0x7F, 0xFF, 0x7F, 0xFF, 0x7F, 0xFF, 0x7F,
		0xFF, 0x7F, 0xFF, 0x7F, 0xFF, 0x7F, 0xFF, 0x7F, 0xFF, 0x7F, 0xFF, 0x7F,
		0xFD, 0x7F, 0xFF, 0x7F, 0xFF, 0x7F, 0xFF, 0x7F, 0xFE, 0x7F, 0xFD, 0x7F,
		0xFF, 0x7F, 0xFF, 0x7F, 0xFF, 0x7F, 0xFE, 0x7F, 0xFF, 0x7F, 0xFF, 0x7F,
		0xFF, 0x7F, 0xFF, 0x7F, 0xFF, 0x7F, 0xFF, 0x7F, 0xFF, 0x7F, 0xFF, 0x7F,
		0xFF, 0x7F, 0xFD, 0x7F, 0xFF, 0x7F, 0xFF, 0x7F, 0xFF, 0x7F, 0xFC, 0x7F,
		0xFE, 0x7F, 0xFF, 0x7F, 0xFF, 0x7F, 0xFE, 0x7F, 0xFD, 0x7F, 0xFF, 0x7F,
		0xFF, 0x7F, 0xFF, 0x7F, 0xFD, 0x7F, 0xFF, 0x7F, 0xFF, 0x7F, 0xFF, 0x7F,
		0xFF, 0x7F, 0xFF, 0x7F, 0xFF, 0x7F, 0xFF, 0x7F, 0xFF, 0x7F, 0xFF, 0x7F,
		0xFF, 0x7F, 0xFE, 0x7F, 0xFF, 0x7F, 0xFF, 0x7F, 0xFF, 0x7F, 0xFF, 0x7F,
		0xFF, 0x7F, 0xFF, 0x7F, 0xFF, 0x7F, 0xFF, 0x7F, 0xFE, 0x7F, 0xFD, 0x7F,
		0xFF, 0x7F, 0xFF, 0x7F, 0xFF, 0x7F, 0xFF, 0x7F, 0xFF, 0x7F, 0xFF, 0x7F,
		0xFF, 0x7F, 0xFF, 0x7F, 0xFF, 0x7F, 0xFF, 0x7F, 0xFF, 0x7F, 0xFF, 0x7F,
		0xFF, 0x7F, 0xFF, 0x7F, 0xFF, 0x7F, 0xFE, 0x7F, 0xFF, 0x7F, 0xFF, 0x7F,
		0xFF, 0x7F, 0xFF, 0x7F, 0xFF, 0x7F, 0xFE, 0x7F, 0xFF, 0x7F, 0xFF, 0x7F,
		0xFF, 0x7F, 0xFD, 0x7F, 0xFF, 0x7F, 0xFF, 0x7F, 0xFF, 0x7F, 0xFE, 0x7F,
		0xFF, 0x7F, 0xFF, 0x7F, 0xFE, 0x7F, 0xFF, 0x7F, 0xFF, 0x7F, 0xFD, 0x7F,
		0xFD, 0x7F, 0xFF, 0x7F, 0xFF, 0x7F, 0xFB, 0x7F, 0xFF, 0x7F, 0xFF, 0x7F,
		0xFF, 0x7F, 0xFA, 0x7F, 0xFF, 0x7F, 0xFF, 0x7F, 0xFF, 0x7F, 0xFA, 0x7F,
		0x01, 0x80, 0x06, 0x80, 0x00, 0x80, 0x00, 0x80, 0x03, 0x80, 0x05, 0x80,
		0x00, 0x80, 0x00, 0x80, 0x02, 0x80, 0x01, 0x80, 0x00, 0x80, 0x00, 0x80,
		0x01, 0x80, 0x00, 0x80, 0x00, 0x80, 0x00, 0x80, 0x00, 0x80, 0x00, 0x80,
		0x01, 0x80, 0x00, 0x80, 0x00, 0x80, 0x00, 0x80, 0x01, 0x80, 0x01, 0x80,
		0x00, 0x80, 0x01, 0x80, 0x00, 0x80, 0x00, 0x80, 0x01, 0x80, 0x02, 0x80,
		0x00, 0x80, 0x00, 0x80, 0x01, 0x80, 0x01, 0x80, 0x00, 0x80, 0x01, 0x80,
		0x03, 0x80, 0x00, 0x80, 0x00, 0x80, 0x05, 0x80, 0x02, 0x80, 0x00, 0x80,
		0x00, 0x80, 0x06, 0x80, 0x00, 0x80, 0x00, 0x80, 0x01, 0x80, 0x03, 0x80,
		0x00, 0x80, 0x00, 0x80, 0x00, 0x80, 0x02, 0x80, 0x00, 0x80, 0x00, 0x80,
		0x01, 0x80, 0x02, 0x80, 0x00, 0x80, 0x00, 0x80, 0x03, 0x80, 0x00, 0x80,
		0x00, 0x80, 0x01, 0x80, 0x02, 0x80, 0x00, 0x80, 0x00, 0x80, 0x01, 0x80,
		0x00, 0x80, 0x00, 0x80, 0x03, 0x80, 0x00, 0x80, 0x00, 0x80, 0x00, 0x80,
		0x01, 0x80, 0x00, 0x80, 0x00, 0x80, 0x01, 0x80, 0x01, 0x80, 0x00, 0x80,
		0x00, 0x80, 0x01, 0x80, 0x02, 0x80, 0x00, 0x80, 0x00, 0x80, 0x00, 0x80,
		0x03, 0x80, 0x00, 0x80, 0x00, 0x80, 0x00, 0x80, 0x01, 0x80, 0x00, 0x80,
		0x00, 0x80, 0x02, 0x80, 0x00, 0x80, 0x00, 0x80, 0x00, 0x80, 0x03, 0x80,
		0x00, 0x80, 0x00, 0x80, 0x00, 0x80, 0x02, 0x80, 0x02, 0x80, 0x00, 0x80,
		0x00, 0x80, 0x01, 0x80, 0x03, 0x80, 0x00, 0x80, 0x00, 0x80, 0x00, 0x80,
		0x01, 0x80, 0x00, 0x80, 0x00, 0x80, 0x00, 0x80, 0x00, 0x80, 0x00, 0x80,
		0x02, 0x80, 0x01, 0x80, 0x00, 0x80, 0x00, 0x80, 0x00, 0x80, 0x02, 0x80,
		0x00, 0x80, 0x00, 0x80, 0x00, 0x80, 0x01, 0x80, 0x00, 0x80, 0x00, 0x80,
		0x00, 0x80, 0x00, 0x80, 0x02, 0x80, 0x01, 0x80, 0x00, 0x80, 0x00, 0x80,
		0x02, 0x80, 0x01, 0x80, 0x00, 0x80, 0x00, 0x80, 0x00, 0x80, 0x00, 0x80,
		0x02, 0x80, 0x01, 0x80, 0x00, 0x80, 0x00, 0x80, 0x03, 0x80, 0x00, 0x80,
		0x00, 0x80, 0x00, 0x80, 0x02, 0x80, 0x00, 0x80, 0x00, 0x80, 0x01, 0x80,
		0x00, 0x80, 0x00, 0x80, 0x00, 0x80, 0x00, 0x80, 0x00, 0x80, 0x00, 0x80,
		0x03, 0x80, 0x00, 0x80, 0x00, 0x80, 0x01, 0x80, 0x05, 0x80, 0x00, 0x80,
		0x00, 0x80, 0x00, 0x80, 0x01, 0x80, 0x00, 0x80, 0x02, 0x80, 0x01, 0x80,
		0x00, 0x80, 0x00, 0x80, 0x05, 0x80, 0x03, 0x80, 0x00, 0x80, 0x00, 0x80,
		0x03, 0x80, 0x02, 0x80, 0x00, 0x80, 0x00, 0x80, 0x03, 0x80, 0x01, 0x80,
		0x00, 0x80, 0x00, 0x80, 0x01, 0x80, 0x03, 0x80, 0xFF, 0x7F, 0xFD, 0x7F,
		0xFF, 0x7F, 0xFF, 0x7F, 0xFF, 0x7F, 0xFF, 0x7F, 0xFF, 0x7F, 0xFF, 0x7F,
		0xFF, 0x7F, 0xFF, 0x7F, 0xFF, 0x7F, 0xFF, 0x7F, 0xFE, 0x7F, 0xFF, 0x7F,
		0xFF, 0x7F, 0xFE, 0x7F, 0xFF, 0x7F, 0xFF, 0x7F, 0xFF, 0x7F, 0xFE, 0x7F,
		0xFF, 0x7F, 0xFF, 0x7F, 0xFF, 0x7F, 0xFD, 0x7F, 0xFF, 0x7F, 0xFF, 0x7F,
		0xFF, 0x7F, 0xFE, 0x7F, 0xFF, 0x7F, 0xFF, 0x7F, 0xFF, 0x7F, 0xFF, 0x7F,
		0xFF, 0x7F, 0xFF, 0x7F, 0xFF, 0x7F, 0xFF, 0x7F, 0xFD, 0x7F, 0xFE, 0x7F,
		0xFF, 0x7F, 0xFF, 0x7F, 0xFB, 0x7F, 0xFF, 0x7F, 0xFF, 0x7F, 0xFF, 0x7F,
		0xFD, 0x7F, 0xFF, 0x7F, 0xFF, 0x7F, 0xFE, 0x7F, 0xFF, 0x7F, 0xFF, 0x7F,
		0xFF, 0x7F, 0xFC, 0x7F, 0xFF, 0x7F, 0xFF, 0x7F, 0xFF, 0x7F, 0xFD, 0x7F,
		0xFF, 0x7F, 0xFF, 0x7F, 0xFF, 0x7F, 0xFF, 0x7F, 0xFF, 0x7F, 0xFF, 0x7F,
		0xFF, 0x7F, 0xFF, 0x7F, 0xFF, 0x7F, 0xFF, 0x7F, 0xFF, 0x7F, 0xFF, 0x7F,
		0xFF, 0x7F, 0xFF, 0x7F, 0xFF, 0x7F, 0xFF, 0x7F, 0xFF, 0x7F, 0xFF, 0x7F,
		0xFF, 0x7F, 0xFF, 0x7F, 0xFE, 0x7F, 0xFF, 0x7F, 0xFF, 0x7F, 0xFF, 0x7F,
		0xFE, 0x7F, 0xFF, 0x7F, 0xFF, 0x7F, 0xFF, 0x7F, 0xFF, 0x7F, 0xFF, 0x7F,
		0xFF, 0x7F, 0xFF, 0x7F, 0xFF, 0x7F, 0xFF, 0x7F, 0xFF, 0x7F, 0xFF, 0x7F,
		0xFF, 0x7F, 0xFF, 0x7F, 0xFF, 0x7F, 0xFE, 0x7F, 0xFE, 0x7F, 0xFF, 0x7F,
		0xFF, 0x7F, 0xFF, 0x7F, 0xFF, 0x7F, 0xFF, 0x7F, 0xFF, 0x7F, 0xFF, 0x7F,
		0xFF, 0x7F, 0xFF, 0x7F, 0xFF, 0x7F, 0xFF, 0x7F, 0xFF, 0x7F, 0xFE, 0x7F,
		0xFF, 0x7F, 0xFF, 0x7F, 0xFF, 0x7F, 0xFD, 0x7F, 0xFF, 0x7F, 0xFF, 0x7F,
		0xFE, 0x7F, 0xFD, 0x7F, 0xFF, 0x7F, 0xFF, 0x7F, 0xFE, 0x7F, 0xFD, 0x7F,
		0xFF, 0x7F, 0xFF, 0x7F, 0xFF, 0x7F, 0xFD, 0x7F, 0xFF, 0x7F, 0xFF, 0x7F,
		0xFF, 0x7F, 0xFF, 0x7F, 0xFF, 0x7F, 0xFF, 0x7F, 0xFF, 0x7F, 0xFF, 0x7F,
		0xFE, 0x7F, 0xFE, 0x7F, 0xFF, 0x7F, 0xFF, 0x7F, 0xFD, 0x7F, 0xFE, 0x7F,
		0xFF, 0x7F, 0xFF, 0x7F, 0xFD, 0x7F, 0xFF, 0x7F, 0xFF, 0x7F, 0xFF, 0x7F,
		0xFC, 0x7F, 0xFF, 0x7F, 0xFF, 0x7F, 0xFF, 0x7F, 0xFD, 0x7F, 0xFF, 0x7F,
		0xFF, 0x7F, 0xFF, 0x7F, 0xFF, 0x7F, 0xFF, 0x7F, 0xFF, 0x7F, 0xFF, 0x7F,
		0xFF, 0x7F, 0xFF, 0x7F, 0xFD, 0x7F, 0xFF, 0x7F, 0xFF, 0x7F, 0xFE, 0x7F,
		0xFE, 0x7F, 0xFF, 0x7F, 0xFF, 0x7F, 0xFF, 0x7F, 0xFE, 0x7F, 0xFF, 0x7F,
		0xFF, 0x7F, 0xFF, 0x7F, 0xFF, 0x7F, 0xFF, 0x7F, 0xFF, 0x7F, 0xFF, 0x7F,
		0x00, 0x80, 0x00, 0x80, 0x00, 0x80, 0x02, 0x80, 0x00, 0x80, 0x00, 0x80,
		0x00, 0x80, 0x00, 0x80, 0x01, 0x80, 0x00, 0x80, 0x00, 0x80, 0x00, 0x80,
		0x00, 0x80, 0x00, 0x80, 0x02, 0x80, 0x01, 0x80, 0x00, 0x80, 0x00, 0x80,
		0x01, 0x80, 0x02, 0x80, 0x00, 0x80, 0x00, 0x80, 0x00, 0x80, 0x00, 0x80,
		0x00, 0x80, 0x00, 0x80, 0x00, 0x80, 0x00, 0x80, 0x00, 0x80, 0x00, 0x80,
		0x02, 0x80, 0x00, 0x80, 0x00, 0x80, 0x01, 0x80, 0x00, 0x80, 0x00, 0x80,
		0x00, 0x80, 0x02, 0x80, 0x00, 0x80, 0x00, 0x80, 0x02, 0x80, 0x00, 0x80,
		0x00, 0x80, 0x00, 0x80, 0x02, 0x80, 0x00, 0x80, 0x00, 0x80, 0x00, 0x80,
		0x01, 0x80, 0x01, 0x80, 0x00, 0x80, 0x00, 0x80, 0x00, 0x80, 0x00, 0x80,
		0x00, 0x80, 0x02, 0x80, 0x02, 0x80, 0x00, 0x80, 0x00, 0x80, 0x02, 0x80,
		0x01, 0x80, 0x00, 0x80, 0x00, 0x80, 0x02, 0x80, 0x00, 0x80, 0x00, 0x80,
		0x02, 0x80, 0x02, 0x80, 0x00, 0x80, 0x00, 0x80, 0x02, 0x80, 0x03, 0x80,
		0x00, 0x80, 0x00, 0x80, 0x03, 0x80, 0x01, 0x80, 0x00, 0x80, 0x01, 0x80,
		0x00, 0x80, 0x00, 0x80, 0x00, 0x80, 0x03, 0x80, 0x00, 0x80, 0x00, 0x80,
		0x00, 0x80, 0x00, 0x80, 0x02, 0x80, 0x02, 0x80, 0x00, 0x80, 0x00, 0x80,
		0x02, 0x80, 0x03, 0x80, 0x00, 0x80, 0x00, 0x80, 0x02, 0x80, 0x00, 0x80,
		0x00, 0x80, 0x01, 0x80, 0x00, 0x80, 0x00, 0x80, 0x03, 0x80, 0x01, 0x80,
		0x00, 0x80, 0x00, 0x80, 0x04, 0x80, 0x00, 0x80, 0x00, 0x80, 0x01, 0x80,
		0x02, 0x80, 0x00, 0x80, 0x00, 0x80, 0x01, 0x80, 0x03, 0x80, 0x00, 0x80,
		0x00, 0x80, 0x00, 0x80, 0x02, 0x80, 0x00, 0x80, 0x00, 0x80, 0x01, 0x80,
		0x00, 0x80, 0x00, 0x80, 0x03, 0x80, 0x01, 0x80, 0x00, 0x80, 0x00, 0x80,
		0x02, 0x80, 0x00, 0x80, 0x00, 0x80, 0x01, 0x80, 0x00, 0x80, 0x00, 0x80,
		0x01, 0x80, 0x01, 0x80, 0x00, 0x80, 0x00, 0x80, 0x02, 0x80, 0x01, 0x80,
		0x00, 0x80, 0x00, 0x80, 0x03, 0x80, 0x00, 0x80, 0x00, 0x80, 0x01, 0x80,
		0x02, 0x80, 0x00, 0x80, 0x00, 0x80, 0x03, 0x80, 0x02, 0x80, 0x00, 0x80,
		0x00, 0x80, 0x02, 0x80, 0x00, 0x80, 0x00, 0x80, 0x01, 0x80, 0x00, 0x80,
		0x00, 0x80, 0x00, 0x80, 0x02, 0x80, 0x01, 0x80, 0x00, 0x80, 0x00, 0x80,
		0x00, 0x80, 0x03, 0x80, 0x00, 0x80, 0x00, 0x80, 0x00, 0x80, 0x02, 0x80,
		0x00, 0x80, 0x00, 0x80, 0x01, 0x80, 0x00, 0x80, 0x00, 0x80, 0x00, 0x80,
		0x02, 0x80, 0x01, 0x80, 0xF0, 0x86, 0xF0, 0x86, 0xFF, 0x7F, 0xFF, 0x7F,
		0xFF, 0x7F, 0xFE, 0x7F, 0xFF, 0x7F, 0xFF, 0x7F, 0xFF, 0x7F, 0xFF, 0x7F,
		0xFC, 0x7F, 0xFF, 0x7F, 0xFF, 0x7F, 0xFF, 0x7F, 0xFD, 0x7F, 0xFF, 0x7F,
		0xFF, 0x7F, 0xFE, 0x7F, 0xFF, 0x7F, 0xFF, 0x7F, 0xFF, 0x7F, 0xFF, 0x7F,
		0xFF, 0x7F, 0xFD, 0x7F, 0xFF, 0x7F, 0xFF, 0x7F, 0xFF, 0x7F, 0xFC, 0x7F,
		0xFE, 0x7F, 0xFF, 0x7F, 0xFF, 0x7F, 0xFC, 0x7F, 0xFC, 0x7F, 0xFF, 0x7F,
		0xFF, 0x7F, 0xFF, 0x7F, 0xFD, 0x7F, 0xFF, 0x7F, 0xFF, 0x7F, 0xFF, 0x7F,
		0xFF, 0x7F, 0xFE, 0x7F, 0xFF, 0x7F, 0xFF, 0x7F, 0xFF, 0x7F, 0xFF, 0x7F,
		0xFF, 0x7F, 0xFF, 0x7F, 0xFE, 0x7F, 0xFF, 0x7F, 0xFF, 0x7F, 0xFF, 0x7F,
		0xFE, 0x7F, 0xFF, 0x7F, 0xFF, 0x7F, 0xFF, 0x7F, 0xFF, 0x7F, 0xFF, 0x7F,
		0xFF, 0x7F, 0xFC, 0x7F, 0xFF, 0x7F, 0xFF, 0x7F, 0xFF, 0x7F, 0xFE, 0x7F,
		0xFE, 0x7F, 0xFF, 0x7F, 0xFF, 0x7F, 0xFF, 0x7F, 0xFD, 0x7F, 0xFD, 0x7F,
		0xFF, 0x7F, 0xFF, 0x7F, 0xFF, 0x7F, 0xFE, 0x7F, 0xFC, 0x7F, 0xFF, 0x7F,
		0xFF, 0x7F, 0xFF, 0x7F, 0xFB, 0x7F, 0xFF, 0x7F, 0xFF, 0x7F, 0xFF, 0x7F,
		0xFD, 0x7F, 0xFE, 0x7F, 0xFF, 0x7F, 0xFF, 0x7F, 0xFD, 0x7F, 0xFF, 0x7F,
		0xFF, 0x7F, 0xFF, 0x7F, 0xFF, 0x7F, 0xFF, 0x7F, 0xFE, 0x7F, 0xFE, 0x7F,
		0xFF, 0x7F, 0xFF, 0x7F, 0xFC, 0x7F, 0xFC, 0x7F, 0xFF, 0x7F, 0xFF, 0x7F,
		0xFF, 0x7F, 0xFE, 0x7F, 0xFE, 0x7F, 0xFF, 0x7F, 0xFF, 0x7F, 0xFF, 0x7F,
		0xFB, 0x7F, 0xFF, 0x7F, 0xFF, 0x7F, 0xFF, 0x7F, 0xFD, 0x7F, 0xFF, 0x7F,
		0xFF, 0x7F, 0xFF, 0x7F, 0xFF, 0x7F, 0xFF, 0x7F, 0xFF, 0x7F, 0xFF, 0x7F,
		0xFF, 0x7F, 0xFF, 0x7F, 0xFF, 0x7F, 0xFF, 0x7F, 0xFF, 0x7F, 0xFB, 0x7F,
		0xFF, 0x7F, 0xFF, 0x7F, 0xFF, 0x7F, 0xFC, 0x7F, 0xFF, 0x7F, 0xFF, 0x7F,
		0xFF, 0x7F, 0xFF, 0x7F, 0xFF, 0x7F, 0xFF, 0x7F, 0xFE, 0x7F, 0xFF, 0x7F,
		0xFF, 0x7F, 0xFF, 0x7F, 0xFF, 0x7F, 0xFF, 0x7F, 0xFF, 0x7F, 0xFF, 0x7F,
		0xFF, 0x7F, 0xFF, 0x7F, 0xFE, 0x7F, 0xFD, 0x7F, 0xFF, 0x7F, 0xFF, 0x7F,
		0xFE, 0x7F, 0xFF, 0x7F, 0xFF, 0x7F, 0xFF, 0x7F, 0xFF, 0x7F, 0xFF, 0x7F,
		0xFF, 0x7F, 0xFF, 0x7F, 0xFF, 0x7F, 0xFF, 0x7F, 0xFE, 0x7F, 0xFE, 0x7F,
		0xFF, 0x7F, 0xFF, 0x7F, 0xFF, 0x7F, 0xFD, 0x7F, 0xFD, 0x7F, 0xFF, 0x7F,
		0xFF, 0x7F, 0xFD, 0x7F, 0xFD, 0x7F, 0xFF, 0x7F, 0x02, 0x80, 0x00, 0x80,
		0x00, 0x80, 0x01, 0x80, 0x02, 0x80, 0x00, 0x80, 0x00, 0x80, 0x00, 0x80,
		0x02, 0x80, 0x01, 0x80, 0x00, 0x80, 0x00, 0x80, 0x02, 0x80, 0x02, 0x80,
		0x00, 0x80, 0x00, 0x80, 0x02, 0x80, 0x00, 0x80, 0x00, 0x80, 0x01, 0x80,
		0x02, 0x80, 0x00, 0x80, 0x00, 0x80, 0x00, 0x80, 0x02, 0x80, 0x00, 0x80,
		0x00, 0x80, 0x00, 0x80, 0x02, 0x80, 0x02, 0x80, 0x00, 0x80, 0x00, 0x80,
		0x00, 0x80, 0x03, 0x80, 0x01, 0x80, 0x00, 0x80, 0x00, 0x80, 0x00, 0x80,
		0x03, 0x80, 0x02, 0x80, 0x00, 0x80, 0x00, 0x80, 0x04, 0x80, 0x03, 0x80,
		0x00, 0x80, 0x00, 0x80, 0x02, 0x80, 0x02, 0x80, 0x00, 0x80, 0x00, 0x80,
		0x00, 0x80, 0x00, 0x80, 0x00, 0x80, 0x01, 0x80, 0x00, 0x80, 0x00, 0x80,
		0x00, 0x80, 0x01, 0x80, 0x00, 0x80, 0x00, 0x80, 0x00, 0x80, 0x02, 0x80,
		0x00, 0x80, 0x00, 0x80, 0x00, 0x80, 0x03, 0x80, 0x02, 0x80, 0x00, 0x80,
		0x00, 0x80, 0x02, 0x80, 0x03, 0x80, 0x00, 0x80, 0x00, 0x80, 0x03, 0x80,
		0x00, 0x80, 0x00, 0x80, 0x01, 0x80, 0x00, 0x80, 0x00, 0x80, 0x01, 0x80,
		0x01, 0x80, 0x00, 0x80, 0x00, 0x80, 0x02, 0x80, 0x01, 0x80, 0x00, 0x80,
		0x00, 0x80, 0x03, 0x80, 0x01, 0x80, 0x00, 0x80, 0x00, 0x80, 0x03, 0x80,
		0x02, 0x80, 0x00, 0x80, 0x00, 0x80, 0x01, 0x80, 0x03, 0x80, 0x00, 0x80,
		0x00, 0x80, 0x01, 0x80, 0x01, 0x80, 0x00, 0x80, 0x00, 0x80, 0x02, 0x80,
		0x00, 0x80, 0x00, 0x80, 0x02, 0x80, 0x03, 0x80, 0x00, 0x80, 0x00, 0x80,
		0x01, 0x80, 0x01, 0x80, 0x00, 0x80, 0x00, 0x80, 0x00, 0x80, 0x00, 0x80,
		0x02, 0x80, 0x00, 0x80, 0x00, 0x80, 0x02, 0x80, 0x01, 0x80, 0x00, 0x80,
		0x00, 0x80, 0x01, 0x80, 0x01, 0x80, 0x00, 0x80, 0x00, 0x80, 0x00, 0x80,
		0x00, 0x80, 0x00, 0x80, 0x01, 0x80, 0x00, 0x80, 0x00, 0x80, 0x01, 0x80,
		0x00, 0x80, 0x00, 0x80, 0x01, 0x80, 0x00, 0x80, 0x00, 0x80, 0x00, 0x80,
		0x01, 0x80, 0x00, 0x80, 0x00, 0x80, 0x00, 0x80, 0x01, 0x80, 0x03, 0x80,
		0x00, 0x80, 0x00, 0x80, 0x01, 0x80, 0x03, 0x80, 0x00, 0x80, 0x00, 0x80,
		0x01, 0x80, 0x00, 0x80, 0x00, 0x80, 0x02, 0x80, 0x00, 0x80, 0x00, 0x80,
		0x00, 0x80, 0x01, 0x80, 0x00, 0x80, 0x00, 0x80, 0x00, 0x80, 0x01, 0x80,
		0x02, 0x80, 0x00, 0x80, 0x00, 0x80, 0x01, 0x80, 0x02, 0x80, 0x00, 0x80,
		0x0E, 0xE6, 0x0E, 0xE6, 0xB5, 0xAF, 0xB7, 0xAF, 0xE3, 0xCA, 0xDF, 0xCA,
		0xFF, 0x7F, 0xFF, 0x7F, 0xFF, 0x7F, 0xFF, 0x7F, 0xFF, 0x7F, 0xFF, 0x7F,
		0xFF, 0x7F, 0xFF, 0x7F, 0xFF, 0x7F, 0xFD, 0x7F, 0xFE, 0x7F, 0xFF, 0x7F,
		0xFF, 0x7F, 0xFE, 0x7F, 0xFD, 0x7F, 0xFF, 0x7F, 0xFF, 0x7F, 0xFF, 0x7F,
		0xFF, 0x7F, 0xFD, 0x7F, 0xFF, 0x7F, 0xFF, 0x7F, 0xFF, 0x7F, 0xFE, 0x7F,
		0xFD, 0x7F, 0xFF, 0x7F, 0xFF, 0x7F, 0xFF, 0x7F, 0xFF, 0x7F, 0xFF, 0x7F,
		0xFF, 0x7F, 0xFF, 0x7F, 0xFF, 0x7F, 0xFF, 0x7F, 0xFF, 0x7F, 0xFF, 0x7F,
		0xFE, 0x7F, 0xFD, 0x7F, 0xFF, 0x7F, 0xFF, 0x7F, 0xFE, 0x7F, 0xFF, 0x7F,
		0xFF, 0x7F, 0xFF, 0x7F, 0xFF, 0x7F, 0xFF, 0x7F, 0xFF, 0x7F, 0xFF, 0x7F,
		0xFF, 0x7F, 0xFD, 0x7F, 0xFF, 0x7F, 0xFF, 0x7F, 0xFF, 0x7F, 0xFF, 0x7F,
		0xFF, 0x7F, 0xFF, 0x7F, 0xFF, 0x7F, 0xFF, 0x7F, 0xFF, 0x7F, 0xFD, 0x7F,
		0xFF, 0x7F, 0xFF, 0x7F, 0xFF, 0x7F, 0xFD, 0x7F, 0xFF, 0x7F, 0xFF, 0x7F,
		0xFF, 0x7F, 0xFF, 0x7F, 0xFF, 0x7F, 0xFE, 0x7F, 0xFE, 0x7F, 0xFF, 0x7F,
		0xFF, 0x7F, 0xFD, 0x7F, 0xFE, 0x7F, 0xFF, 0x7F, 0xFF, 0x7F, 0xFF, 0x7F,
		0xFE, 0x7F, 0xFE, 0x7F, 0xFF, 0x7F, 0xFF, 0x7F, 0xFF, 0x7F, 0xFD, 0x7F,
		0xFF, 0x7F, 0xFF, 0x7F, 0xFF, 0x7F, 0xFF, 0x7F, 0xFF, 0x7F, 0xFF, 0x7F,
		0xFF, 0x7F, 0xFF, 0x7F, 0xFF, 0x7F, 0xFE, 0x7F, 0xFC, 0x7F, 0xFF, 0x7F,
		0xFF, 0x7F, 0xFC, 0x7F, 0xFE, 0x7F, 0xFF, 0x7F, 0xFF, 0x7F, 0xFC, 0x7F,
		0xFF, 0x7F, 0xFF, 0x7F, 0xFF, 0x7F, 0xFD, 0x7F, 0xFF, 0x7F, 0xFF, 0x7F,
		0xFF, 0x7F, 0xFF, 0x7F, 0xFF, 0x7F, 0xFF, 0x7F, 0xFF, 0x7F, 0xFF, 0x7F,
		0xFF, 0x7F, 0xFE, 0x7F, 0xFF, 0x7F, 0xFF, 0x7F, 0xFF, 0x7F, 0xFD, 0x7F,
		0xFF, 0x7F, 0xFF, 0x7F, 0xFE, 0x7F, 0xFE, 0x7F, 0xFF, 0x7F, 0xFF, 0x7F,
		0xFF, 0x7F, 0xFF, 0x7F, 0xFE, 0x7F, 0xFF, 0x7F, 0xFF, 0x7F, 0xFF, 0x7F,
		0xFD, 0x7F, 0xFE, 0x7F, 0xFF, 0x7F, 0xFF, 0x7F, 0xFF, 0x7F, 0xFF, 0x7F,
		0xFD, 0x7F, 0xFF, 0x7F, 0xFF, 0x7F, 0xFF, 0x7F, 0xFE, 0x7F, 0xFF, 0x7F,
		0xFF, 0x7F, 0xFF, 0x7F, 0xFF, 0x7F, 0xFF, 0x7F, 0xFF, 0x7F, 0xFF, 0x7F,
		0xFF, 0x7F, 0xFF, 0x7F, 0xFF, 0x7F, 0xFF, 0x7F, 0xFF, 0x7F, 0xFF, 0x7F,
		0xF2, 0x58, 0xEE, 0x58, 0x00, 0x80, 0x02, 0x80, 0x04, 0x80, 0x00, 0x80,
		0x00, 0x80, 0x00, 0x80, 0x04, 0x80, 0x02, 0x80, 0x00, 0x80, 0x00, 0x80,
		0x04, 0x80, 0x01, 0x80, 0x00, 0x80, 0x01, 0x80, 0x02, 0x80, 0x00, 0x80,
		0x00, 0x80, 0x03, 0x80, 0x00, 0x80, 0x00, 0x80, 0x00, 0x80, 0x01, 0x80,
		0x00, 0x80, 0x01, 0x80, 0x01, 0x80, 0x00, 0x80, 0x00, 0x80, 0x01, 0x80,
		0x00, 0x80, 0x00, 0x80, 0x00, 0x80, 0x00, 0x80, 0x00, 0x80, 0x03, 0x80,
		0x00, 0x80, 0x00, 0x80, 0x00, 0x80, 0x01, 0x80, 0x00, 0x80, 0x00, 0x80,
		0x00, 0x80, 0x00, 0x80, 0x00, 0x80, 0x02, 0x80, 0x00, 0x80, 0x00, 0x80,
		0x00, 0x80, 0x00, 0x80, 0x01, 0x80, 0x02, 0x80, 0x00, 0x80, 0x00, 0x80,
		0x00, 0x80, 0x01, 0x80, 0x00, 0x80, 0x01, 0x80, 0x02, 0x80, 0x00, 0x80,
		0x00, 0x80, 0x03, 0x80, 0x03, 0x80, 0x00, 0x80, 0x00, 0x80, 0x04, 0x80,
		0x00, 0x80, 0x00, 0x80, 0x01, 0x80, 0x02, 0x80, 0x00, 0x80, 0x00, 0x80,
		0x02, 0x80, 0x00, 0x80, 0x00, 0x80, 0x01, 0x80, 0x00, 0x80, 0x00, 0x80,
		0x01, 0x80, 0x00, 0x80, 0x00, 0x80, 0x01, 0x80, 0x04, 0x80, 0x00, 0x80,
		0x00, 0x80, 0x03, 0x80, 0x05, 0x80, 0x00, 0x80, 0x00, 0x80, 0x01, 0x80,
		0x05, 0x80, 0x00, 0x80, 0x00, 0x80, 0x00, 0x80, 0x03, 0x80, 0x01, 0x80,
		0x00, 0x80, 0x00, 0x80, 0x02, 0x80, 0x02, 0x80, 0x00, 0x80, 0x00, 0x80,
		0x01, 0x80, 0x02, 0x80, 0x00, 0x80, 0x00, 0x80, 0x00, 0x80, 0x00, 0x80,
		0x00, 0x80, 0x02, 0x80, 0x00, 0x80, 0x00, 0x80, 0x00, 0x80, 0x04, 0x80,
		0x01, 0x80, 0x00, 0x80, 0x00, 0x80, 0x04, 0x80, 0x00, 0x80, 0x00, 0x80,
		0x02, 0x80, 0x02, 0x80, 0x00, 0x80, 0x00, 0x80, 0x03, 0x80, 0x00, 0x80,
		0x00, 0x80, 0x00, 0x80, 0x02, 0x80, 0x01, 0x80, 0x00, 0x80, 0x00, 0x80,
		0x00, 0x80, 0x01, 0x80, 0x00, 0x80, 0x00, 0x80, 0x03, 0x80, 0x00, 0x80,
		0x00, 0x80, 0x01, 0x80, 0x04, 0x80, 0x00, 0x80, 0x00, 0x80, 0x01, 0x80,
		0x00, 0x80, 0x00, 0x80, 0x02, 0x80, 0x01, 0x80, 0x00, 0x80, 0x00, 0x80,
		0x02, 0x80, 0x00, 0x80, 0x00, 0x80, 0x01, 0x80, 0x02, 0x80, 0x00, 0x80,
		0x00, 0x80, 0x01, 0x80, 0x01, 0x80, 0x00, 0x80, 0x01, 0x80, 0x01, 0x80,
		0x00, 0x80, 0x00, 0x80, 0x04, 0x80, 0x00, 0x80, 0x00, 0x80, 0x01, 0x80,
		0x03, 0x80, 0x00, 0x80, 0xA4, 0xB4, 0xA7, 0xB4, 0xFF, 0x7F, 0xFF, 0x7F,
		0xFE, 0x7F, 0xFF, 0x7F, 0xFF, 0x7F, 0xFF, 0x7F, 0xFF, 0x7F, 0xFF, 0x7F,
		0xFF, 0x7F, 0xFF, 0x7F, 0xFF, 0x7F, 0xFF, 0x7F, 0xFD, 0x7F, 0xFF, 0x7F,
		0xFF, 0x7F, 0xFE, 0x7F, 0xFC, 0x7F, 0xFF, 0x7F, 0xFF, 0x7F, 0xFF, 0x7F,
		0xFE, 0x7F, 0xFE, 0x7F, 0xFF, 0x7F, 0xFF, 0x7F, 0xFF, 0x7F, 0xFE, 0x7F,
		0xFF, 0x7F, 0xFF, 0x7F, 0xFF, 0x7F, 0xFF, 0x7F, 0xFF, 0x7F, 0xFF, 0x7F,
		0xFE, 0x7F, 0xFF, 0x7F, 0xFF, 0x7F, 0xFF, 0x7F, 0xFE, 0x7F, 0xFF, 0x7F,
		0xFF, 0x7F, 0xFD, 0x7F, 0xFF, 0x7F, 0xFF, 0x7F, 0xFD, 0x7F, 0xFC, 0x7F,
		0xFF, 0x7F, 0xFF, 0x7F, 0xFB, 0x7F, 0xFE, 0x7F, 0xFF, 0x7F, 0xFF, 0x7F,
		0xFD, 0x7F, 0xFF, 0x7F, 0xFF, 0x7F, 0xFF, 0x7F, 0xFF, 0x7F, 0xFF, 0x7F,
		0xFF, 0x7F, 0xFF, 0x7F, 0xFF, 0x7F, 0xFF, 0x7F, 0xFF, 0x7F, 0xFF, 0x7F,
		0xFF, 0x7F, 0xFF, 0x7F, 0xFE, 0x7F, 0xFF, 0x7F, 0xFF, 0x7F, 0xFE, 0x7F,
		0xFC, 0x7F, 0xFF, 0x7F, 0xFF, 0x7F, 0xFE, 0x7F, 0xFD, 0x7F, 0xFF, 0x7F,
		0xFF, 0x7F, 0xFF, 0x7F, 0xFF, 0x7F, 0xFF, 0x7F, 0xFF, 0x7F, 0xFE, 0x7F,
		0xFF, 0x7F, 0xFF, 0x7F, 0xFF, 0x7F, 0xFF, 0x7F, 0xFF, 0x7F, 0xFF, 0x7F,
		0xFF, 0x7F, 0xFF, 0x7F, 0xFE, 0x7F, 0xFE, 0x7F, 0xFF, 0x7F, 0xFF, 0x7F,
		0xFC, 0x7F, 0xFE, 0x7F, 0xFF, 0x7F, 0xFF, 0x7F, 0xFB, 0x7F, 0xFF, 0x7F,
		0xFF, 0x7F, 0xFE, 0x7F, 0xFD, 0x7F, 0xFF, 0x7F, 0xFF, 0x7F, 0xFF, 0x7F,
		0xFC, 0x7F, 0xFD, 0x7F, 0xFF, 0x7F, 0xFF, 0x7F, 0xFD, 0x7F, 0xFD, 0x7F,
		0xFF, 0x7F, 0xFF, 0x7F, 0xFF, 0x7F, 0xFF, 0x7F, 0xFC, 0x7F, 0xFE, 0x7F,
		0xFF, 0x7F, 0xFF, 0x7F, 0xFD, 0x7F, 0xFF, 0x7F, 0xFF, 0x7F, 0xFF, 0x7F,
		0xFF, 0x7F, 0xFF, 0x7F, 0xFE, 0x7F, 0xFF, 0x7F, 0xFF, 0x7F, 0xFF, 0x7F,
		0xFD, 0x7F, 0xFF, 0x7F, 0xFF, 0x7F, 0xFF, 0x7F, 0xFF, 0x7F, 0xFE, 0x7F,
		0xFF, 0x7F, 0xFF, 0x7F, 0xFF, 0x7F, 0xFB, 0x7F, 0xFE, 0x7F, 0xFF, 0x7F,
		0xFF, 0x7F, 0xFB, 0x7F, 0xFE, 0x7F, 0xFF, 0x7F, 0xFF, 0x7F, 0xFD, 0x7F,
		0xFE, 0x7F, 0xFF, 0x7F, 0xFF, 0x7F, 0xFF, 0x7F, 0x66, 0x70, 0x68, 0x70,
		0x5E, 0xE2, 0x5B, 0xE2, 0xA3, 0xDE, 0xA4, 0xDE, 0xE5, 0xDF, 0xE5, 0xDF,
		0x00, 0x80, 0x00, 0x80, 0x02, 0x80, 0x04, 0x80, 0x00, 0x80, 0x00, 0x80,
		0x00, 0x80, 0x03, 0x80, 0x02, 0x80, 0x00, 0x80, 0x00, 0x80, 0x01, 0x80,
		0x01, 0x80, 0x00, 0x80, 0x00, 0x80, 0x02, 0x80, 0x00, 0x80, 0x00, 0x80,
		0x00, 0x80, 0x02, 0x80, 0x01, 0x80, 0x00, 0x80, 0x00, 0x80, 0x02, 0x80,
		0x02, 0x80, 0x00, 0x80, 0x00, 0x80, 0x02, 0x80, 0x01, 0x80, 0x00, 0x80,
		0x00, 0x80, 0x04, 0x80, 0x01, 0x80, 0x00, 0x80, 0x00, 0x80, 0x04, 0x80,
		0x01, 0x80, 0x00, 0x80, 0x00, 0x80, 0x03, 0x80, 0x01, 0x80, 0x00, 0x80,
		0x00, 0x80, 0x00, 0x80, 0x01, 0x80, 0x02, 0x80, 0x00, 0x80, 0x00, 0x80,
		0x02, 0x80, 0x02, 0x80, 0x00, 0x80, 0x00, 0x80, 0x00, 0x80, 0x02, 0x80,
		0x00, 0x80, 0x00, 0x80, 0x00, 0x80, 0x02, 0x80, 0x00, 0x80, 0x00, 0x80,
		0x02, 0x80, 0x00, 0x80, 0x00, 0x80, 0x00, 0x80, 0x02, 0x80, 0x00, 0x80,
		0x00, 0x80, 0x01, 0x80, 0x03, 0x80, 0x00, 0x80, 0x00, 0x80, 0x01, 0x80,
		0x03, 0x80, 0x00, 0x80, 0x00, 0x80, 0x00, 0x80, 0x01, 0x80, 0x01, 0x80,
		0x00, 0x80, 0x00, 0x80, 0x00, 0x80, 0x01, 0x80, 0x00, 0x80, 0x00, 0x80,
		0x01, 0x80, 0x01, 0x80, 0x00, 0x80, 0x00, 0x80, 0x01, 0x80, 0x00, 0x80,
		0x00, 0x80, 0x02, 0x80, 0x01, 0x80, 0x00, 0x80, 0x00, 0x80, 0x03, 0x80,
		0x03, 0x80, 0x00, 0x80, 0x00, 0x80, 0x01, 0x80, 0x02, 0x80, 0x00, 0x80,
		0x00, 0x80, 0x00, 0x80, 0x00, 0x80, 0x00, 0x80, 0x01, 0x80, 0x02, 0x80,
		0x00, 0x80, 0x00, 0x80, 0x01, 0x80, 0x02, 0x80, 0x00, 0x80, 0x00, 0x80,
		0x02, 0x80, 0x03, 0x80, 0x00, 0x80, 0x00, 0x80, 0x01, 0x80, 0x02, 0x80,
		0x00, 0x80, 0x00, 0x80, 0x00, 0x80, 0x03, 0x80, 0x01, 0x80, 0x00, 0x80,
		0x00, 0x80, 0x03, 0x80, 0x01, 0x80, 0x00, 0x80, 0x00, 0x80, 0x01, 0x80,
		0x00, 0x80, 0x00, 0x80, 0x02, 0x80, 0x01, 0x80, 0x00, 0x80, 0x00, 0x80,
		0x03, 0x80, 0x00, 0x80, 0x00, 0x80, 0x00, 0x80, 0x03, 0x80, 0x00, 0x80,
		0x00, 0x80, 0x02, 0x80, 0x02, 0x80, 0x00, 0x80, 0x00, 0x80, 0x01, 0x80,
		0x01, 0x80, 0x00, 0x80, 0x00, 0x80, 0x02, 0x80, 0x00, 0x80, 0x00, 0x80,
		0xB5, 0x2D, 0xB6, 0x2D, 0xFF, 0x7F, 0xFE, 0x7F, 0xFF, 0x7F, 0xFF, 0x7F,
		0xFF, 0x7F, 0xFD, 0x7F, 0xFF, 0x7F, 0xFF, 0x7F, 0xFF, 0x7F, 0xFD, 0x7F,
		0xFD, 0x7F, 0xFF, 0x7F, 0xFF, 0x7F, 0xFF, 0x7F, 0xFB, 0x7F, 0xFF, 0x7F,
		0xFF, 0x7F, 0xFF, 0x7F, 0xFC, 0x7F, 0xFE, 0x7F, 0xFF, 0x7F, 0xFF, 0x7F,
		0xFD, 0x7F, 0xFF, 0x7F, 0xFF, 0x7F, 0xFF, 0x7F, 0xFE, 0x7F, 0xFF, 0x7F,
		0xFF, 0x7F, 0xFF, 0x7F, 0xFF, 0x7F, 0xFF, 0x7F, 0xFF, 0x7F, 0xFF, 0x7F,
		0xFF, 0x7F, 0xFE, 0x7F, 0xFF, 0x7F, 0xFF, 0x7F, 0xFF, 0x7F, 0xFE, 0x7F,
		0xFE, 0x7F, 0xFF, 0x7F, 0xFF, 0x7F, 0xFF, 0x7F, 0xFE, 0x7F, 0xFF, 0x7F,
		0xFF, 0x7F, 0xFF, 0x7F, 0xFF, 0x7F, 0xFF, 0x7F, 0xFF, 0x7F, 0xFF, 0x7F,
		0xFF, 0x7F, 0xFF, 0x7F, 0xFF, 0x7F, 0xFF, 0x7F, 0xFD, 0x7F, 0xFF, 0x7F,
		0xFF, 0x7F, 0xFF, 0x7F, 0xFF, 0x7F, 0xFF, 0x7F, 0xFF, 0x7F, 0xFF, 0x7F,
		0xFF, 0x7F, 0xFF, 0x7F, 0xFF, 0x7F, 0xFF, 0x7F, 0xFF, 0x7F, 0xFE, 0x7F,
		0xFF, 0x7F, 0xFF, 0x7F, 0xFF, 0x7F, 0xFE, 0x7F, 0xFF, 0x7F, 0xFF, 0x7F,
		0xFF, 0x7F, 0xFE, 0x7F, 0xFF, 0x7F, 0xFF, 0x7F, 0xFF, 0x7F, 0xFF, 0x7F,
		0xFF, 0x7F, 0xFF, 0x7F, 0xFF, 0x7F, 0xFF, 0x7F, 0xFF, 0x7F, 0xFE, 0x7F,
		0xFF, 0x7F, 0xFF, 0x7F, 0xFE, 0x7F, 0xFF, 0x7F, 0xFF, 0x7F, 0xFF, 0x7F,
		0xFE, 0x7F, 0xFF, 0x7F, 0xFF, 0x7F, 0xFF, 0x7F, 0xFE, 0x7F, 0xFE, 0x7F,
		0xFF, 0x7F, 0xFF, 0x7F, 0xFF, 0x7F, 0xFD, 0x7F, 0xFF, 0x7F, 0xFF, 0x7F,
		0xFF, 0x7F, 0xFD, 0x7F, 0xFE, 0x7F, 0xFF, 0x7F, 0xFF, 0x7F, 0xFE, 0x7F,
		0xFF, 0x7F, 0xFF, 0x7F, 0xFF, 0x7F, 0xFF, 0x7F, 0xFF, 0x7F, 0xFF, 0x7F,
		0xFF, 0x7F, 0xFF, 0x7F, 0xFD, 0x7F, 0xFF, 0x7F, 0xFF, 0x7F, 0xFF, 0x7F,
		0xFF, 0x7F, 0xFF, 0x7F, 0xFF, 0x7F, 0xFF, 0x7F, 0xFF, 0x7F, 0xFF, 0x7F,
		0xFF, 0x7F, 0xFE, 0x7F, 0xFE, 0x7F, 0xFF, 0x7F, 0xFF, 0x7F, 0xFD, 0x7F,
		0xFA, 0x7F, 0xFF, 0x7F, 0xFF, 0x7F, 0xFF, 0x7F, 0xFA, 0x7F, 0xFF, 0x7F,
		0xFF, 0x7F, 0xFE, 0x7F, 0xFD, 0x7F, 0xFF, 0x7F, 0xFF, 0x7F, 0xFC, 0x7F,
		0xFF, 0x7F, 0xFF, 0x7F, 0xFF, 0x7F, 0xFD, 0x7F, 0xB5, 0x2D, 0xB6, 0x2D,
		0x00, 0x80, 0x00, 0x80, 0x01, 0x80, 0x00, 0x80, 0x00, 0x80, 0x01, 0x80,
		0x00, 0x80, 0x00, 0x80, 0x02, 0x80, 0x00, 0x80, 0x00, 0x80, 0x01, 0x80,
		0x02, 0x80, 0x00, 0x80, 0x00, 0x80, 0x01, 0x80, 0x00, 0x80, 0x00, 0x80,
		0x01, 0x80, 0x02, 0x80, 0x00, 0x80, 0x00, 0x80, 0x01, 0x80, 0x02, 0x80,
		0x00, 0x80, 0x00, 0x80, 0x01, 0x80, 0x00, 0x80, 0x00, 0x80, 0x02, 0x80,
		0x03, 0x80, 0x00, 0x80, 0x00, 0x80, 0x02, 0x80, 0x01, 0x80, 0x00, 0x80,
		0x00, 0x80, 0x03, 0x80, 0x00, 0x80, 0x00, 0x80, 0x00, 0x80, 0x03, 0x80,
		0x02, 0x80, 0x00, 0x80, 0x00, 0x80, 0x03, 0x80, 0x03, 0x80, 0x00, 0x80,
		0x00, 0x80, 0x01, 0x80, 0x00, 0x80, 0x00, 0x80, 0x01, 0x80, 0x00, 0x80,
		0x00, 0x80, 0x00, 0x80, 0x01, 0x80, 0x01, 0x80, 0x00, 0x80, 0x01, 0x80,
		0x00, 0x80, 0x00, 0x80, 0x00, 0x80, 0x02, 0x80, 0x01, 0x80, 0x00, 0x80,
		0x00, 0x80, 0x01, 0x80, 0x00, 0x80, 0x01, 0x80, 0x01, 0x80, 0x00, 0x80,
		0x00, 0x80, 0x01, 0x80, 0x00, 0x80, 0x01, 0x80, 0x01, 0x80, 0x00, 0x80,
		0x00, 0x80, 0x03, 0x80, 0x01, 0x80, 0x00, 0x80, 0x00, 0x80, 0x02, 0x80,
		0x00, 0x80, 0x00, 0x80, 0x00, 0x80, 0x01, 0x80, 0x01, 0x80, 0x00, 0x80,
		0x00, 0x80, 0x01, 0x80, 0x01, 0x80, 0x00, 0x80, 0x00, 0x80, 0x00, 0x80,
		0x00, 0x80, 0x01, 0x80, 0x02, 0x80, 0x00, 0x80, 0x00, 0x80, 0x01, 0x80,
		0x05, 0x80, 0x00, 0x80, 0x00, 0x80, 0x01, 0x80, 0x05, 0x80, 0x00, 0x80,
		0x00, 0x80, 0x00, 0x80, 0x02, 0x80, 0x01, 0x80, 0x00, 0x80, 0x00, 0x80,
		0x00, 0x80, 0x02, 0x80, 0x02, 0x80, 0x00, 0x80, 0x00, 0x80, 0x00, 0x80,
		0x01, 0x80, 0x01, 0x80, 0x00, 0x80, 0x00, 0x80, 0x01, 0x80, 0x02, 0x80,
		0x00, 0x80, 0x00, 0x80, 0x02, 0x80, 0x01, 0x80, 0x00, 0x80, 0x00, 0x80,
		0x02, 0x80, 0x00, 0x80, 0x00, 0x80, 0x01, 0x80, 0x00, 0x80, 0x00, 0x80,
		0x02, 0x80, 0x03, 0x80, 0x00, 0x80, 0x00, 0x80, 0x02, 0x80, 0x02, 0x80,
		0x00, 0x80, 0x00, 0x80, 0x00, 0x80, 0x02, 0x80, 0x02, 0x80, 0x00, 0x80,
		0x00, 0x80, 0x03, 0x80, 0xF2, 0x58, 0xED, 0x58, 0xFE, 0x7F, 0xFF, 0x7F,
		0xFF, 0x7F, 0xFF, 0x7F, 0xFF, 0x7F, 0xFF, 0x7F, 0xFF, 0x7F, 0xFF, 0x7F,
		0xFF, 0x7F, 0xFF, 0x7F, 0xFE, 0x7F, 0xFF, 0x7F, 0xFF, 0x7F, 0xFF, 0x7F,
		0xFD, 0x7F, 0xFF, 0x7F, 0xFF, 0x7F, 0xFF, 0x7F, 0xFF, 0x7F, 0xFE, 0x7F,
		0xFF, 0x7F, 0xFF, 0x7F, 0xFE, 0x7F, 0xFF, 0x7F, 0xFF, 0x7F, 0xFF, 0x7F,
		0xFE, 0x7F, 0xFF, 0x7F, 0xFF, 0x7F, 0xFF, 0x7F, 0xFE, 0x7F, 0xFF, 0x7F,
		0xFF, 0x7F, 0xFF, 0x7F, 0xFF, 0x7F, 0xFE, 0x7F, 0xFF, 0x7F, 0xFF, 0x7F,
		0xFF, 0x7F, 0xFD, 0x7F, 0xFF, 0x7F, 0xFF, 0x7F, 0xFE, 0x7F, 0xFF, 0x7F,
		0xFF, 0x7F, 0xFF, 0x7F, 0xFE, 0x7F, 0xFF, 0x7F, 0xFF, 0x7F, 0xFF, 0x7F,
		0xFE, 0x7F, 0xFF, 0x7F, 0xFF, 0x7F, 0xFF, 0x7F, 0xFE, 0x7F, 0xFF, 0x7F,
		0xFF, 0x7F, 0xFF, 0x7F, 0xFE, 0x7F, 0xFF, 0x7F, 0xFF, 0x7F, 0xFF, 0x7F,
		0xFE, 0x7F, 0xFF, 0x7F, 0xFF, 0x7F, 0xFE, 0x7F, 0xFE, 0x7F, 0xFF, 0x7F,
		0xFF, 0x7F, 0xFE, 0x7F, 0xFE, 0x7F, 0xFF, 0x7F, 0xFF, 0x7F, 0xFF, 0x7F,
		0xFE, 0x7F, 0xFF, 0x7F, 0xFF, 0x7F, 0xFF, 0x7F, 0xFE, 0x7F, 0xFF, 0x7F,
		0xFF, 0x7F, 0xFE, 0x7F, 0xFF, 0x7F, 0xFF, 0x7F, 0xFF, 0x7F, 0xFE, 0x7F,
		0xFF, 0x7F, 0xFF, 0x7F, 0xFE, 0x7F, 0xFE, 0x7F, 0xFF, 0x7F, 0xFF, 0x7F,
		0xFE, 0x7F, 0xFE, 0x7F, 0xFF, 0x7F, 0xFF, 0x7F, 0xFE, 0x7F, 0xFF, 0x7F,
		0xFF, 0x7F, 0xFD, 0x7F, 0xFE, 0x7F, 0xFF, 0x7F, 0xFF, 0x7F, 0xFC, 0x7F,
		0xFF, 0x7F, 0xFF, 0x7F, 0xFF, 0x7F, 0xFF, 0x7F, 0xFE, 0x7F, 0xFF, 0x7F,
		0xFF, 0x7F, 0xFF, 0x7F, 0xFF, 0x7F, 0xFD, 0x7F, 0xFF, 0x7F, 0xFF, 0x7F,
		0xFF, 0x7F, 0xFD, 0x7F, 0xFE, 0x7F, 0xFF, 0x7F, 0xFF, 0x7F, 0xFF, 0x7F,
		0xFD, 0x7F, 0xFF, 0x7F, 0xFF, 0x7F, 0xFF, 0x7F, 0xFF, 0x7F, 0xFF, 0x7F,
		0xFF, 0x7F, 0xFE, 0x7F, 0xFF, 0x7F, 0xFF, 0x7F, 0xFC, 0x7F, 0xFD, 0x7F,
		0xFF, 0x7F, 0xFF, 0x7F, 0xFE, 0x7F, 0xFF, 0x7F, 0xFF, 0x7F, 0xFF, 0x7F,
		0xFE, 0x7F, 0xFF, 0x7F, 0xFF, 0x7F, 0xFD, 0x7F, 0xFD, 0x7F, 0xFF, 0x7F,
		0x6D, 0xB3, 0x69, 0xB3, 0x00, 0x80, 0x00, 0x80, 0x00, 0x80, 0x02, 0x80,
		0x01, 0x80, 0x00, 0x80, 0x00, 0x80, 0x01, 0x80, 0x04, 0x80, 0x01, 0x80,
		0x00, 0x80, 0x00, 0x80, 0x02, 0x80, 0x03, 0x80, 0x00, 0x80, 0x00, 0x80,
		0x00, 0x80, 0x02, 0x80, 0x02, 0x80, 0x00, 0x80, 0x00, 0x80, 0x03, 0x80,
		0x02, 0x80, 0x00, 0x80, 0x00, 0x80, 0x03, 0x80, 0x01, 0x80, 0x00, 0x80,
		0x00, 0x80, 0x04, 0x80, 0x00, 0x80, 0x00, 0x80, 0x01, 0x80, 0x03, 0x80,
		0x00, 0x80, 0x00, 0x80, 0x01, 0x80, 0x00, 0x80, 0x00, 0x80, 0x01, 0x80,
		0x01, 0x80, 0x00, 0x80, 0x00, 0x80, 0x02, 0x80, 0x00, 0x80, 0x00, 0x80,
		0x00, 0x80, 0x00, 0x80, 0x00, 0x80, 0x00, 0x80, 0x01, 0x80, 0x01, 0x80,
		0x00, 0x80, 0x00, 0x80, 0x00, 0x80, 0x02, 0x80, 0x00, 0x80, 0x00, 0x80,
		0x00, 0x80, 0x00, 0x80, 0x02, 0x80, 0x03, 0x80, 0x00, 0x80, 0x00, 0x80,
		0x03, 0x80, 0x04, 0x80, 0x00, 0x80, 0x00, 0x80, 0x01, 0x80, 0x03, 0x80,
		0x00, 0x80, 0x00, 0x80, 0x00, 0x80, 0x05, 0x80, 0x02, 0x80, 0x00, 0x80,
		0x00, 0x80, 0x07, 0x80, 0x02, 0x80, 0x00, 0x80, 0x00, 0x80, 0x04, 0x80,
		0x03, 0x80, 0x00, 0x80, 0x00, 0x80, 0x00, 0x80, 0x00, 0x80, 0x01, 0x80,
		0x00, 0x80, 0x00, 0x80, 0x00, 0x80, 0x00, 0x80, 0x00, 0x80, 0x01, 0x80,
		0x03, 0x80, 0x00, 0x80, 0x00, 0x80, 0x02, 0x80, 0x04, 0x80, 0x00, 0x80,
		0x00, 0x80, 0x00, 0x80, 0x04, 0x80, 0x00, 0x80, 0x00, 0x80, 0x00, 0x80,
		0x04, 0x80, 0x02, 0x80, 0x00, 0x80, 0x00, 0x80, 0x02, 0x80, 0x03, 0x80,
		0x00, 0x80, 0x00, 0x80, 0x02, 0x80, 0x03, 0x80, 0x00, 0x80, 0x00, 0x80,
		0x02, 0x80, 0x02, 0x80, 0x00, 0x80, 0x00, 0x80, 0x00, 0x80, 0x02, 0x80,
		0x00, 0x80, 0x00, 0x80, 0x00, 0x80, 0x00, 0x80, 0x00, 0x80, 0x03, 0x80,
		0x01, 0x80, 0x00, 0x80, 0x00, 0x80, 0x06, 0x80, 0x02, 0x80, 0x00, 0x80,
		0x00, 0x80, 0x03, 0x80, 0x00, 0x80, 0x00, 0x80, 0x03, 0x80, 0x01, 0x80,
		0x00, 0x80, 0x00, 0x80, 0x7C, 0x17, 0x7A, 0x17, 0xFE, 0x7F, 0xFE, 0x7F,
		0xFF, 0x7F, 0xFF, 0x7F, 0xFF, 0x7F, 0xFE, 0x7F, 0xFD, 0x7F, 0xFF, 0x7F,
		0xFF, 0x7F, 0xFE, 0x7F, 0xFE, 0x7F, 0xFF, 0x7F, 0xFF, 0x7F, 0xFF, 0x7F,
		0xFF, 0x7F, 0xFF, 0x7F, 0xFF, 0x7F, 0xFF, 0x7F, 0xFF, 0x7F, 0xFF, 0x7F,
		0xFF, 0x7F, 0xFE, 0x7F, 0xFD, 0x7F, 0xFF, 0x7F, 0xFF, 0x7F, 0xFD, 0x7F,
		0xFE, 0x7F, 0xFF, 0x7F, 0xFF, 0x7F, 0xFF, 0x7F, 0xFF, 0x7F, 0xFF, 0x7F,
		0xFF, 0x7F, 0xFF, 0x7F, 0xFF, 0x7F, 0xFF, 0x7F, 0xFF, 0x7F, 0xFF, 0x7F,
		0xFF, 0x7F, 0xFF, 0x7F, 0xFF, 0x7F, 0xFF, 0x7F, 0xFE, 0x7F, 0xFD, 0x7F,
		0xFF, 0x7F, 0xFF, 0x7F, 0xFF, 0x7F, 0xFE, 0x7F, 0xFE, 0x7F, 0xFF, 0x7F,
		0xFF, 0x7F, 0xFF, 0x7F, 0xFF, 0x7F, 0xFF, 0x7F, 0xFF, 0x7F, 0xFF, 0x7F,
		0xFF, 0x7F, 0xFF, 0x7F, 0xFF, 0x7F, 0xFF, 0x7F, 0xFF, 0x7F, 0xFF, 0x7F,
		0xFF, 0x7F, 0xFE, 0x7F, 0xFF, 0x7F, 0xFF, 0x7F, 0xFF, 0x7F, 0xFF, 0x7F,
		0xFC, 0x7F, 0xFF, 0x7F, 0xFF, 0x7F, 0xFF, 0x7F, 0xFE, 0x7F, 0xFF, 0x7F,
		0xFF, 0x7F, 0xFC, 0x7F, 0xFF, 0x7F, 0xFF, 0x7F, 0xFF, 0x7F, 0xFC, 0x7F,
		0xFF, 0x7F, 0xFF, 0x7F, 0xFF, 0x7F, 0xFF, 0x7F, 0xFF, 0x7F, 0xFF, 0x7F,
		0xFF, 0x7F, 0xFF, 0x7F, 0xFF, 0x7F, 0xFF, 0x7F, 0xFE, 0x7F, 0xFF, 0x7F,
		0xFF, 0x7F, 0xFF, 0x7F, 0xFD, 0x7F, 0xFF, 0x7F, 0xFF, 0x7F, 0xFF, 0x7F,
		0xFF, 0x7F, 0xFF, 0x7F, 0xFF, 0x7F, 0xFF, 0x7F, 0xFF, 0x7F, 0xFE, 0x7F,
		0xFF, 0x7F, 0xFF, 0x7F, 0xFF, 0x7F, 0xFF, 0x7F, 0xFF, 0x7F, 0xFF, 0x7F,
		0xFF, 0x7F, 0xFF, 0x7F, 0xFF, 0x7F, 0xFE, 0x7F, 0xFF, 0x7F, 0xFF, 0x7F,
		0xFF, 0x7F, 0xFF, 0x7F, 0xFF, 0x7F, 0xFF, 0x7F, 0xFF, 0x7F, 0xFF, 0x7F,
		0xFF, 0x7F, 0xFF, 0x7F, 0xFF, 0x7F, 0xFE, 0x7F, 0xFF, 0x7F, 0xFF, 0x7F,
		0xFF, 0x7F, 0xFA, 0x7F, 0xFF, 0x7F, 0xFF, 0x7F, 0xFF, 0x7F, 0xFC, 0x7F,
		0xFF, 0x7F, 0xFF, 0x7F, 0xFF, 0x7F, 0xFF, 0x7F, 0xFF, 0x7F, 0xFE, 0x7F,
		0x87, 0x7B, 0x89, 0x7B, 0x4C, 0xFC, 0x4A, 0xFC, 0x59, 0xA3, 0x5B, 0xA3,
		0xAA, 0x8A, 0xA7, 0x8A, 0x00, 0x80, 0x00, 0x80, 0x05, 0x80, 0x04, 0x80,
		0x00, 0x80, 0x00, 0x80, 0x02, 0x80, 0x03, 0x80, 0x00, 0x80, 0x00, 0x80,
		0x00, 0x80, 0x00, 0x80, 0x01, 0x80, 0x02, 0x80, 0x00, 0x80, 0x00, 0x80,
		0x00, 0x80, 0x00, 0x80, 0x00, 0x80, 0x00, 0x80, 0x01, 0x80, 0x00, 0x80,
		0x00, 0x80, 0x01, 0x80, 0x03, 0x80, 0x01, 0x80, 0x00, 0x80, 0x00, 0x80,
		0x02, 0x80, 0x02, 0x80, 0x00, 0x80, 0x00, 0x80, 0x00, 0x80, 0x00, 0x80,
		0x00, 0x80, 0x02, 0x80, 0x01, 0x80, 0x00, 0x80, 0x00, 0x80, 0x01, 0x80,
		0x02, 0x80, 0x01, 0x80, 0x00, 0x80, 0x00, 0x80, 0x00, 0x80, 0x02, 0x80,
		0x01, 0x80, 0x00, 0x80, 0x00, 0x80, 0x02, 0x80, 0x01, 0x80, 0x00, 0x80,
		0x01, 0x80, 0x02, 0x80, 0x00, 0x80, 0x00, 0x80, 0x00, 0x80, 0x02, 0x80,
		0x01, 0x80, 0x00, 0x80, 0x00, 0x80, 0x00, 0x80, 0x04, 0x80, 0x00, 0x80,
		0x00, 0x80, 0x00, 0x80, 0x02, 0x80, 0x00, 0x80, 0x00, 0x80, 0x01, 0x80,
		0x00, 0x80, 0x00, 0x80, 0x00, 0x80, 0x00, 0x80, 0x00, 0x80, 0x00, 0x80,
		0x01, 0x80, 0x00, 0x80, 0x00, 0x80, 0x00, 0x80, 0x01, 0x80, 0x00, 0x80,
		0x00, 0x80, 0x00, 0x80, 0x01, 0x80, 0x00, 0x80, 0x00, 0x80, 0x00, 0x80,
		0x02, 0x80, 0x00, 0x80, 0x00, 0x80, 0x00, 0x80, 0x01, 0x80, 0x02, 0x80,
		0x00, 0x80, 0x00, 0x80, 0x00, 0x80, 0x03, 0x80, 0x02, 0x80, 0x00, 0x80,
		0x00, 0x80, 0x04, 0x80, 0x01, 0x80, 0x00, 0x80, 0x00, 0x80, 0x04, 0x80,
		0x00, 0x80, 0x00, 0x80, 0x02, 0x80, 0x02, 0x80, 0x00, 0x80, 0x00, 0x80,
		0x04, 0x80, 0x01, 0x80, 0x00, 0x80, 0x01, 0x80, 0x01, 0x80, 0x00, 0x80,
		0x01, 0x80, 0x02, 0x80, 0x00, 0x80, 0x00, 0x80, 0x04, 0x80, 0x00, 0x80,
		0x00, 0x80, 0x03, 0x80, 0x02, 0x80, 0x00, 0x80, 0x00, 0x80, 0x01, 0x80,
		0x00, 0x80, 0x01, 0x80, 0x01, 0x80, 0x00, 0x80, 0x68, 0x89, 0x6D, 0x89,
		0xF4, 0xEF, 0xEE, 0xEF, 0xC1, 0x52, 0xC5, 0x52, 0xFF, 0x7F, 0xFF, 0x7F,
		0xFF, 0x7F, 0xFE, 0x7F, 0xFE, 0x7F, 0xFF, 0x7F, 0xFF, 0x7F, 0xFC, 0x7F,
		0xFF, 0x7F, 0xFF, 0x7F, 0xFF, 0x7F, 0xFF, 0x7F, 0xFF, 0x7F, 0xFF, 0x7F,
		0xFF, 0x7F, 0xFF, 0x7F, 0xFF, 0x7F, 0xFF, 0x7F, 0xFF, 0x7F, 0xFE, 0x7F,
		0xFF, 0x7F, 0xFF, 0x7F, 0xFF, 0x7F, 0xFD, 0x7F, 0xFF, 0x7F, 0xFF, 0x7F,
		0xFF, 0x7F, 0xFD, 0x7F, 0xFF, 0x7F, 0xFF, 0x7F, 0xFE, 0x7F, 0xFF, 0x7F,
		0xFF, 0x7F, 0xFF, 0x7F, 0xFF, 0x7F, 0xFF, 0x7F, 0xFF, 0x7F, 0xFC, 0x7F,
		0xFF, 0x7F, 0xFF, 0x7F, 0xFF, 0x7F, 0xFB, 0x7F, 0xFE, 0x7F, 0xFF, 0x7F,
		0xFF, 0x7F, 0xFB, 0x7F, 0xFF, 0x7F, 0xFF, 0x7F, 0xFF, 0x7F, 0xFB, 0x7F,
		0xFF, 0x7F, 0xFF, 0x7F, 0xFE, 0x7F, 0xFC, 0x7F, 0xFF, 0x7F, 0xFF, 0x7F,
		0xFD, 0x7F, 0xFF, 0x7F, 0xFF, 0x7F, 0xFF, 0x7F, 0xFE, 0x7F, 0xFF, 0x7F,
		0xFF, 0x7F, 0xFF, 0x7F, 0xFE, 0x7F, 0xFF, 0x7F, 0xFF, 0x7F, 0xFF, 0x7F,
		0xFF, 0x7F, 0xFF, 0x7F, 0xFF, 0x7F, 0xFF, 0x7F, 0xFE, 0x7F, 0xFE, 0x7F,
		0xFF, 0x7F, 0xFF, 0x7F, 0xFF, 0x7F, 0xFE, 0x7F, 0xFF, 0x7F, 0xFF, 0x7F,
		0xFF, 0x7F, 0xFF, 0x7F, 0xFF, 0x7F, 0xFF, 0x7F, 0xFF, 0x7F, 0xFF, 0x7F,
		0xFF, 0x7F, 0xFF, 0x7F, 0xFF, 0x7F, 0xFE, 0x7F, 0xFF, 0x7F, 0xFF, 0x7F,
		0xFD, 0x7F, 0xFC, 0x7F, 0xFF, 0x7F, 0xFF, 0x7F, 0xFD, 0x7F, 0xFC, 0x7F,
		0xFF, 0x7F, 0xFF, 0x7F, 0xFE, 0x7F, 0xFB, 0x7F, 0xFF, 0x7F, 0xFF, 0x7F,
		0xFF, 0x7F, 0xFC, 0x7F, 0xFF, 0x7F, 0xFF, 0x7F, 0xFF, 0x7F, 0xFD, 0x7F,
		0xFF, 0x7F, 0xFF, 0x7F, 0xFD, 0x7F, 0xFD, 0x7F, 0xFF, 0x7F, 0xFF, 0x7F,
		0xFE, 0x7F, 0xFF, 0x7F, 0xFF, 0x7F, 0xFF, 0x7F, 0xFF, 0x7F, 0xFF, 0x7F,
		0xFF, 0x7F, 0xFF, 0x7F, 0xFF, 0x7F, 0xFF, 0x7F, 0xFE, 0x7F, 0xFF, 0x7F,
		0xFF, 0x7F, 0xFF, 0x7F, 0xFF, 0x7F, 0xFF, 0x7F, 0xFF, 0x7F, 0xFF, 0x7F,
		0xFE, 0x7F, 0xFF, 0x7F, 0xE3, 0x5D, 0xE2, 0x5D, 0x85, 0x27, 0x87, 0x27,
		0xB6, 0x18, 0xB5, 0x18, 0xF1, 0x04, 0xF0, 0x04, 0xA5, 0xDE, 0xA7, 0xDE,
		0x89, 0xA9, 0x88, 0xA9, 0x00, 0x80, 0x00, 0x80, 0x00, 0x80, 0x01, 0x80,
		0x04, 0x80, 0x00, 0x80, 0x00, 0x80, 0x01, 0x80, 0x06, 0x80, 0x00, 0x80,
		0x00, 0x80, 0x01, 0x80, 0x02, 0x80, 0x00, 0x80, 0x00, 0x80, 0x01, 0x80,
		0x00, 0x80, 0x00, 0x80, 0x00, 0x80, 0x00, 0x80, 0x01, 0x80, 0x01, 0x80,
		0x00, 0x80, 0x00, 0x80, 0x01, 0x80, 0x00, 0x80, 0x00, 0x80, 0x02, 0x80,
		0x01, 0x80, 0x00, 0x80, 0x00, 0x80, 0x01, 0x80, 0x01, 0x80, 0x01, 0x80,
		0x00, 0x80, 0x00, 0x80, 0x00, 0x80, 0x05, 0x80, 0x01, 0x80, 0x00, 0x80,
		0x00, 0x80, 0x05, 0x80, 0x00, 0x80, 0x00, 0x80, 0x01, 0x80, 0x01, 0x80,
		0x00, 0x80, 0x01, 0x80, 0x03, 0x80, 0x00, 0x80, 0x00, 0x80, 0x02, 0x80,
		0x02, 0x80, 0x00, 0x80, 0x00, 0x80, 0x00, 0x80, 0x02, 0x80, 0x00, 0x80,
		0x00, 0x80, 0x01, 0x80, 0x00, 0x80, 0x00, 0x80, 0x00, 0x80, 0x05, 0x80,
		0x00, 0x80, 0x00, 0x80, 0x00, 0x80, 0x03, 0x80, 0x00, 0x80, 0x00, 0x80,
		0x00, 0x80, 0x00, 0x80, 0x01, 0x80, 0x04, 0x80, 0x00, 0x80, 0x00, 0x80,
		0x02, 0x80, 0x01, 0x80, 0x00, 0x80, 0x00, 0x80, 0x03, 0x80, 0x00, 0x80,
		0x00, 0x80, 0x02, 0x80, 0x05, 0x80, 0x00, 0x80, 0x00, 0x80, 0x01, 0x80,
		0x05, 0x80, 0x00, 0x80, 0x00, 0x80, 0x02, 0x80, 0x02, 0x80, 0x00, 0x80,
		0x00, 0x80, 0x02, 0x80, 0x01, 0x80, 0x00, 0x80, 0x00, 0x80, 0x01, 0x80,
		0x01, 0x80, 0x00, 0x80, 0x00, 0x80, 0x00, 0x80, 0x00, 0x80, 0x00, 0x80,
		0x03, 0x80, 0x01, 0x80, 0x00, 0x80, 0x00, 0x80, 0x04, 0x80, 0x02, 0x80,
		0x00, 0x80, 0x00, 0x80, 0x02, 0x80, 0x02, 0x80, 0x00, 0x80, 0x00, 0x80,
		0x00, 0x80, 0x00, 0x80, 0x01, 0x80, 0x01, 0x80, 0x00, 0x80, 0x00, 0x80,
		0x02, 0x80, 0x03, 0x80, 0x2C, 0x9D, 0x2A, 0x9D, 0x3E, 0x01, 0x40, 0x01,
		0x2C, 0x30, 0x2A, 0x30, 0x78, 0x41, 0x7A, 0x41, 0xD3, 0x4D, 0xD1, 0x4D,
		0x86, 0x66, 0x88, 0x66, 0xFF, 0x7F, 0xFE, 0x7F, 0xFF, 0x7F, 0xFF, 0x7F,
		0xFF, 0x7F, 0xFE, 0x7F, 0xFF, 0x7F, 0xFF, 0x7F, 0xFF, 0x7F, 0xFF, 0x7F,
		0xFF, 0x7F, 0xFF, 0x7F, 0xFF, 0x7F, 0xFF, 0x7F, 0xFF, 0x7F, 0xFF, 0x7F,
		0xFE, 0x7F, 0xFF, 0x7F, 0xFF, 0x7F, 0xFF, 0x7F, 0xFB, 0x7F, 0xFF, 0x7F,
		0xFF, 0x7F, 0xFF, 0x7F, 0xFC, 0x7F, 0xFF, 0x7F, 0xFF, 0x7F, 0xFF, 0x7F,
		0xFF, 0x7F, 0xFF, 0x7F, 0xFF, 0x7F, 0xFF, 0x7F, 0xFF, 0x7F, 0xFD, 0x7F,
		0xFF, 0x7F, 0xFF, 0x7F, 0xFF, 0x7F, 0xFD, 0x7F, 0xFF, 0x7F, 0xFF, 0x7F,
		0xFE, 0x7F, 0xFE, 0x7F, 0xFF, 0x7F, 0xFF, 0x7F, 0xFE, 0x7F, 0xFF, 0x7F,
		0xFF, 0x7F, 0xFF, 0x7F, 0xFF, 0x7F, 0xFF, 0x7F, 0xFD, 0x7F, 0xFF, 0x7F,
		0xFF, 0x7F, 0xFF, 0x7F, 0xF9, 0x7F, 0xFF, 0x7F, 0xFF, 0x7F, 0xFD, 0x7F,
		0xFD, 0x7F, 0xFF, 0x7F, 0xFF, 0x7F, 0xFE, 0x7F, 0xFF, 0x7F, 0xFF, 0x7F,
		0xFB, 0x7F, 0xFF, 0x7F, 0xFF, 0x7F, 0xFF, 0x7F, 0xFC, 0x7F, 0xFF, 0x7F,
		0xFF, 0x7F, 0xFE, 0x7F, 0xFE, 0x7F, 0xFF, 0x7F, 0xFF, 0x7F, 0xFF, 0x7F,
		0xFF, 0x7F, 0xFF, 0x7F, 0xFF, 0x7F, 0xFF, 0x7F, 0xFD, 0x7F, 0xFE, 0x7F,
		0xFF, 0x7F, 0xFF, 0x7F, 0xFE, 0x7F, 0xFE, 0x7F, 0xFF, 0x7F, 0xFF, 0x7F,
		0xFF, 0x7F, 0xFE, 0x7F, 0xFD, 0x7F, 0xFF, 0x7F, 0xFF, 0x7F, 0xFF, 0x7F,
		0xFD, 0x7F, 0xFF, 0x7F, 0xFF, 0x7F, 0xFF, 0x7F, 0xFD, 0x7F, 0xFE, 0x7F,
		0xFF, 0x7F, 0xFF, 0x7F, 0xFE, 0x7F, 0xFF, 0x7F, 0xFF, 0x7F, 0xFF, 0x7F,
		0xFF, 0x7F, 0xFF, 0x7F, 0xFF, 0x7F, 0xFF, 0x7F, 0xFF, 0x7F, 0xFF, 0x7F,
		0xFF, 0x7F, 0xFF, 0x7F, 0xFF, 0x7F, 0xFF, 0x7F, 0xFF, 0x7F, 0xFF, 0x7F,
		0xFF, 0x7F, 0xFE, 0x7F, 0xFF, 0x7F, 0xFF, 0x7F, 0xFF, 0x7F, 0xFD, 0x7F,
		0xD4, 0x4D, 0xD5, 0x4D, 0x1B, 0x0B, 0x1C, 0x0B, 0x9B, 0xE3, 0x98, 0xE3,
		0x29, 0xDC, 0x2C, 0xDC, 0xF5, 0xDA, 0xF2, 0xDA, 0xC1, 0xBF, 0xC4, 0xBF,
		0x99, 0x8F, 0x97, 0x8F, 0x00, 0x80, 0x01, 0x80, 0x00, 0x80, 0x00, 0x80,
		0x00, 0x80, 0x01, 0x80, 0x00, 0x80, 0x00, 0x80, 0x01, 0x80, 0x00, 0x80,
		0x00, 0x80, 0x02, 0x80, 0x02, 0x80, 0x00, 0x80, 0x00, 0x80, 0x02, 0x80,
		0x01, 0x80, 0x00, 0x80, 0x00, 0x80, 0x04, 0x80, 0x01, 0x80, 0x00, 0x80,
		0x00, 0x80, 0x03, 0x80, 0x01, 0x80, 0x00, 0x80, 0x00, 0x80, 0x00, 0x80,
		0x00, 0x80, 0x01, 0x80, 0x01, 0x80, 0x00, 0x80, 0x00, 0x80, 0x00, 0x80,
		0x00, 0x80, 0x02, 0x80, 0x00, 0x80, 0x00, 0x80, 0x00, 0x80, 0x00, 0x80,
		0x00, 0x80, 0x02, 0x80, 0x01, 0x80, 0x00, 0x80, 0x00, 0x80, 0x04, 0x80,
		0x02, 0x80, 0x00, 0x80, 0x00, 0x80, 0x03, 0x80, 0x02, 0x80, 0x00, 0x80,
		0x00, 0x80, 0x01, 0x80, 0x01, 0x80, 0x01, 0x80, 0x00, 0x80, 0x00, 0x80,
		0x00, 0x80, 0x04, 0x80, 0x00, 0x80, 0x00, 0x80, 0x00, 0x80, 0x03, 0x80,
		0x00, 0x80, 0x00, 0x80, 0x02, 0x80, 0x00, 0x80, 0x00, 0x80, 0x01, 0x80,
		0x01, 0x80, 0x00, 0x80, 0x00, 0x80, 0x02, 0x80, 0x00, 0x80, 0x00, 0x80,
		0x02, 0x80, 0x01, 0x80, 0x00, 0x80, 0x00, 0x80, 0x01, 0x80, 0x00, 0x80,
		0x00, 0x80, 0x01, 0x80, 0x00, 0x80, 0x01, 0x80, 0x01, 0x80, 0x00, 0x80,
		0x00, 0x80, 0x03, 0x80, 0x00, 0x80, 0x00, 0x80, 0x00, 0x80, 0x01, 0x80,
		0x00, 0x80, 0x00, 0x80, 0x00, 0x80, 0x00, 0x80, 0x03, 0x80, 0x00, 0x80,
		0x00, 0x80, 0x00, 0x80, 0x04, 0x80, 0x02, 0x80, 0x00, 0x80, 0x00, 0x80,
		0x01, 0x80, 0x04, 0x80, 0x02, 0x80, 0x00, 0x80, 0x00, 0x80, 0x05, 0x80,
		0x04, 0x80, 0x00, 0x80, 0x00, 0x80, 0x05, 0x80, 0x01, 0x80, 0x00, 0x80,
		0x7A, 0x99, 0x7C, 0x99, 0xB3, 0xD9, 0xB3, 0xD9, 0xA9, 0xF3, 0xA7, 0xF3,
		0x46, 0xE7, 0x4A, 0xE7, 0x60, 0xF7, 0x5C, 0xF7, 0x66, 0x1C, 0x68, 0x1C,
		0x5B, 0x75, 0x5A, 0x75, 0xFF, 0x7F, 0xFF, 0x7F, 0xFF, 0x7F, 0xFF, 0x7F,
		0xFF, 0x7F, 0xFE, 0x7F, 0xFF, 0x7F, 0xFF, 0x7F, 0xFF, 0x7F, 0xFC, 0x7F,
		0xFF, 0x7F, 0xFF, 0x7F, 0xFF, 0x7F, 0xFE, 0x7F, 0xFF, 0x7F, 0xFF, 0x7F,
		0xFF, 0x7F, 0xFF, 0x7F, 0xFF, 0x7F, 0xFC, 0x7F, 0xFF, 0x7F, 0xFF, 0x7F,
		0xFF, 0x7F, 0xFC, 0x7F, 0xFF, 0x7F, 0xFF, 0x7F, 0xFF, 0x7F, 0xFF, 0x7F,
		0xFF, 0x7F, 0xFE, 0x7F, 0xFF, 0x7F, 0xFF, 0x7F, 0xFE, 0x7F, 0xFD, 0x7F,
		0xFF, 0x7F, 0xFF, 0x7F, 0xFF, 0x7F, 0xFF, 0x7F, 0xFF, 0x7F, 0xFF, 0x7F,
		0xFF, 0x7F, 0xFF, 0x7F, 0xFF, 0x7F, 0xFF, 0x7F, 0xFE, 0x7F, 0xFF, 0x7F,
		0xFF, 0x7F, 0xFE, 0x7F, 0xFF, 0x7F, 0xFF, 0x7F, 0xFF, 0x7F, 0xFE, 0x7F,
		0xFF, 0x7F, 0xFF, 0x7F, 0xFC, 0x7F, 0xFF, 0x7F, 0xFF, 0x7F, 0xFF, 0x7F,
		0xFC, 0x7F, 0xFF, 0x7F, 0xFF, 0x7F, 0xFF, 0x7F, 0xFD, 0x7F, 0xFF, 0x7F,
		0xFF, 0x7F, 0xFF, 0x7F, 0xFC, 0x7F, 0xFE, 0x7F, 0xFF, 0x7F, 0xFF, 0x7F,
		0xFD, 0x7F, 0xFE, 0x7F, 0xFF, 0x7F, 0xFF, 0x7F, 0xFF, 0x7F, 0xFF, 0x7F,
		0xFE, 0x7F, 0xFC, 0x7F, 0xFF, 0x7F, 0xFF, 0x7F, 0xFC, 0x7F, 0xFC, 0x7F,
		0xFF, 0x7F, 0xFF, 0x7F, 0xFB, 0x7F, 0xFF, 0x7F, 0xFF, 0x7F, 0xFE, 0x7F,
		0xFD, 0x7F, 0xFF, 0x7F, 0xFF, 0x7F, 0xFD, 0x7F, 0xFF, 0x7F, 0xFF, 0x7F,
		0xFE, 0x7F, 0xFF, 0x7F, 0xFF, 0x7F, 0xFE, 0x7F, 0xFE, 0x7F, 0xFF, 0x7F,
		0xFF, 0x7F, 0xFC, 0x7F, 0xFE, 0x7F, 0xFF, 0x7F, 0xFF, 0x7F, 0xFC, 0x7F,
		0xFE, 0x7F, 0xFF, 0x7F, 0xFF, 0x7F, 0xFF, 0x7F, 0xFF, 0x7F, 0xFF, 0x7F,
		0xFF, 0x7F, 0xFF, 0x7F, 0xFE, 0x7F, 0xFF, 0x7F, 0xFF, 0x7F, 0xFF, 0x7F,
		0xFC, 0x7F, 0xFF, 0x7F, 0xFF, 0x7F, 0xFF, 0x7F, 0xB2, 0x6C, 0xB3, 0x6C,
		0x10, 0x4F, 0x0E, 0x4F, 0xE0, 0x48, 0xE4, 0x48, 0x2E, 0x30, 0x2A, 0x30,
		0x95, 0x0D, 0x98, 0x0D, 0xD5, 0xE4, 0xD2, 0xE4, 0xD2, 0xBA, 0xD4, 0xBA,
		0x01, 0xAC, 0x01, 0xAC, 0x6A, 0x9E, 0x69, 0x9E, 0x96, 0x8F, 0x98, 0x8F,
		0x02, 0x80, 0x00, 0x80, 0x00, 0x80, 0x03, 0x80, 0x01, 0x80, 0x00, 0x80,
		0x00, 0x80, 0x01, 0x80, 0x00, 0x80, 0x00, 0x80, 0x00, 0x80, 0x00, 0x80,
		0xA7, 0x8A, 0xA7, 0x8A, 0x00, 0x80, 0x01, 0x80, 0x02, 0x80, 0x00, 0x80,
		0x00, 0x80, 0x02, 0x80, 0x01, 0x80, 0x00, 0x80, 0x00, 0x80, 0x00, 0x80,
		0x00, 0x80, 0x00, 0x80, 0x01, 0x80, 0x01, 0x80, 0x00, 0x80, 0x00, 0x80,
		0x01, 0x80, 0x02, 0x80, 0x00, 0x80, 0x00, 0x80, 0x00, 0x80, 0x00, 0x80,
		0x01, 0x80, 0x00, 0x80, 0x00, 0x80, 0x00, 0x80, 0x01, 0x80, 0x00, 0x80,
		0x00, 0x80, 0x02, 0x80, 0x03, 0x80, 0x00, 0x80, 0x00, 0x80, 0x01, 0x80,
		0x04, 0x80, 0x00, 0x80, 0x00, 0x80, 0x01, 0x80, 0x02, 0x80, 0x00, 0x80,
		0x00, 0x80, 0x02, 0x80, 0x00, 0x80, 0x00, 0x80, 0x00, 0x80, 0x03, 0x80,
		0x00, 0x80, 0x00, 0x80, 0x00, 0x80, 0x00, 0x80, 0x01, 0x80, 0x01, 0x80,
		0x00, 0x80, 0x00, 0x80, 0x03, 0x80, 0x02, 0x80, 0x00, 0x80, 0x00, 0x80,
		0x04, 0x80, 0x01, 0x80, 0x00, 0x80, 0x00, 0x80, 0x04, 0x80, 0x01, 0x80,
		0x00, 0x80, 0x00, 0x80, 0x02, 0x80, 0x00, 0x80, 0x00, 0x80, 0x00, 0x80,
		0x00, 0x80, 0x02, 0x80, 0x00, 0x80, 0x00, 0x80, 0x01, 0x80, 0x01, 0x80,
		0x00, 0x80, 0x00, 0x80, 0x02, 0x80, 0x00, 0x80, 0x00, 0x80, 0x01, 0x80,
		0x01, 0x80, 0x01, 0x80, 0x01, 0x80, 0x00, 0x80, 0x00, 0x80, 0x04, 0x80,
		0x01, 0x80, 0x00, 0x80, 0x00, 0x80, 0x03, 0x80, 0x5D, 0xA3, 0x59, 0xA3,
		0x3B, 0xD7, 0x3E, 0xD7, 0x1F, 0xF6, 0x1D, 0xF6, 0x59, 0xF7, 0x5C, 0xF7,
		0xC5, 0xFE, 0xC2, 0xFE, 0xF0, 0x19, 0xF2, 0x19, 0x2F, 0x45, 0x2C, 0x45,
		0xED, 0x6D, 0xF0, 0x6D, 0x02, 0x7E, 0x01, 0x7E, 0x57, 0x75, 0x58, 0x75,
		0x3E, 0x6A, 0x3D, 0x6A, 0x67, 0x70, 0x67, 0x70, 0xFF, 0x7F, 0xFF, 0x7F,
		0xFE, 0x7F, 0xFF, 0x7F, 0xFF, 0x7F, 0xFF, 0x7F, 0xFF, 0x7F, 0xFF, 0x7F,
		0xFF, 0x7F, 0xFE, 0x7F, 0xFF, 0x7F, 0xFF, 0x7F, 0xFD, 0x7F, 0xFF, 0x7F,
		0xFF, 0x7F, 0xFF, 0x7F, 0xFF, 0x7F, 0xFF, 0x7F, 0xFF, 0x7F, 0xFF, 0x7F,
		0xFF, 0x7F, 0xFF, 0x7F, 0xFE, 0x7F, 0xFE, 0x7F, 0xFF, 0x7F, 0xFF, 0x7F,
		0xFC, 0x7F, 0xFF, 0x7F, 0xFF, 0x7F, 0xFF, 0x7F, 0xFB, 0x7F, 0xFE, 0x7F,
		0xFF, 0x7F, 0xFF, 0x7F, 0xFF, 0x7F, 0xFF, 0x7F, 0xFF, 0x7F, 0xFF, 0x7F,
		0xFF, 0x7F, 0xFF, 0x7F, 0xFF, 0x7F, 0xFE, 0x7F, 0xFD, 0x7F, 0xFF, 0x7F,
		0xFF, 0x7F, 0xFF, 0x7F, 0xFD, 0x7F, 0xFF, 0x7F, 0xFF, 0x7F, 0xFF, 0x7F,
		0xFF, 0x7F, 0xFE, 0x7F, 0xFF, 0x7F, 0xFF, 0x7F, 0xFF, 0x7F, 0xFF, 0x7F,
		0xFE, 0x7F, 0xFF, 0x7F, 0xFF, 0x7F, 0xFF, 0x7F, 0xFF, 0x7F, 0xFF, 0x7F,
		0xFF, 0x7F, 0xFF, 0x7F, 0xFF, 0x7F, 0xFF, 0x7F, 0xFF, 0x7F, 0xFE, 0x7F,
		0xFF, 0x7F, 0xFF, 0x7F, 0xFF, 0x7F, 0xFC, 0x7F, 0xFF, 0x7F, 0xFF, 0x7F,
		0xFF, 0x7F, 0xFD, 0x7F, 0xFD, 0x7F, 0xFF, 0x7F, 0xFF, 0x7F, 0xFD, 0x7F,
		0xFF, 0x7F, 0xFF, 0x7F, 0xFF, 0x7F, 0xFF, 0x7F, 0xFF, 0x7F, 0xFF, 0x7F,
		0xFD, 0x7F, 0xFF, 0x7F, 0xFF, 0x7F, 0xFF, 0x7F, 0xFC, 0x7F, 0xFF, 0x7F,
		0xFF, 0x7F, 0xFF, 0x7F, 0xFF, 0x7F, 0xFE, 0x7F, 0xFF, 0x7F, 0xFF, 0x7F,
		0xFF, 0x7F, 0xFF, 0x7F, 0xFF, 0x7F, 0xFF, 0x7F, 0xFF, 0x7F, 0xFF, 0x7F,
		0xFF, 0x7F, 0xFF, 0x7F, 0xE0, 0x72, 0xDF, 0x72, 0xE2, 0x48, 0xE4, 0x48,
		0xA5, 0x32, 0xA4, 0x32, 0xC3, 0x28, 0xC5, 0x28, 0x1E, 0x20, 0x1C, 0x20,
		0x2E, 0x06, 0x2F, 0x06, 0x96, 0xE3, 0x94, 0xE3, 0x2F, 0xC7, 0x31, 0xC7,
		0x2B, 0xB2, 0x2A, 0xB2, 0x30, 0xB2, 0x31, 0xB2, 0x1D, 0xA2, 0x1C, 0xA2,
		0x21, 0x8D, 0x20, 0x8D, 0x00, 0x80, 0x00, 0x80, 0x04, 0x80, 0x00, 0x80,
		0x00, 0x80, 0x00, 0x80, 0x6F, 0x89, 0x6A, 0x89, 0x67, 0x9E, 0x6A, 0x9E,
		0x98, 0xA4, 0x97, 0xA4, 0x00, 0x80, 0x01, 0x80, 0x00, 0x80, 0x00, 0x80,
		0x00, 0x80, 0x02, 0x80, 0x00, 0x80, 0x00, 0x80, 0x00, 0x80, 0x00, 0x80,
		0x00, 0x80, 0x02, 0x80, 0x02, 0x80, 0x00, 0x80, 0x00, 0x80, 0x02, 0x80,
		0x00, 0x80, 0x00, 0x80, 0x02, 0x80, 0x01, 0x80, 0x00, 0x80, 0x00, 0x80,
		0x01, 0x80, 0x02, 0x80, 0x01, 0x80, 0x00, 0x80, 0x00, 0x80, 0x02, 0x80,
		0x03, 0x80, 0x00, 0x80, 0x00, 0x80, 0x01, 0x80, 0x00, 0x80, 0x00, 0x80,
		0x02, 0x80, 0x00, 0x80, 0x00, 0x80, 0x00, 0x80, 0x00, 0x80, 0x02, 0x80,
		0x03, 0x80, 0x00, 0x80, 0x00, 0x80, 0x01, 0x80, 0x04, 0x80, 0x00, 0x80,
		0x00, 0x80, 0x00, 0x80, 0x02, 0x80, 0x02, 0x80, 0x00, 0x80, 0x00, 0x80,
		0x00, 0x80, 0x03, 0x80, 0x00, 0x80, 0x00, 0x80, 0x00, 0x80, 0x03, 0x80,
		0x02, 0x80, 0x00, 0x80, 0x00, 0x80, 0x00, 0x80, 0x06, 0x80, 0x01, 0x80,
		0x00, 0x80, 0x00, 0x80, 0x05, 0x80, 0x01, 0x80, 0x00, 0x80, 0x00, 0x80,
		0x03, 0x80, 0x00, 0x80, 0x00, 0x80, 0x00, 0x80, 0x01, 0x80, 0x01, 0x80,
		0x01, 0x80, 0x00, 0x80, 0x00, 0x80, 0x01, 0x80, 0x03, 0x80, 0x00, 0x80,
		0x00, 0x80, 0x02, 0x80, 0x01, 0x80, 0x00, 0x80, 0x00, 0x80, 0x01, 0x80,
		0xE2, 0xB5, 0xE2, 0xB5, 0x3C, 0xEC, 0x3B, 0xEC, 0x01, 0x00, 0x03, 0x00,
		0xFF, 0xFF, 0xFC, 0xFF, 0x4D, 0xFC, 0x50, 0xFC, 0x39, 0x16, 0x37, 0x16,
		0x7C, 0x41, 0x7D, 0x41, 0x93, 0x61, 0x91, 0x61, 0x2E, 0x6F, 0x32, 0x6F,
		0x1E, 0x5F, 0x18, 0x5F, 0x49, 0x50, 0x4F, 0x50, 0xA7, 0x5C, 0xA3, 0x5C,
		0xFF, 0x7F, 0xFF, 0x7F, 0xFF, 0x7F, 0xFF, 0x7F, 0xFF, 0x7F, 0xFF, 0x7F,
		0xFF, 0x7F, 0xFF, 0x7F, 0xFF, 0x7F, 0xFF, 0x7F, 0xE1, 0x72, 0xE0, 0x72,
		0xFF, 0x7F, 0xFF, 0x7F, 0xFF, 0x7F, 0xFF, 0x7F, 0xFD, 0x7F, 0xFE, 0x7F,
		0xFF, 0x7F, 0xFF, 0x7F, 0xFE, 0x7F, 0xFD, 0x7F, 0xFF, 0x7F, 0xFF, 0x7F,
		0xFF, 0x7F, 0xFF, 0x7F, 0xFE, 0x7F, 0xFF, 0x7F, 0xFF, 0x7F, 0xFF, 0x7F,
		0xFF, 0x7F, 0xFF, 0x7F, 0xFF, 0x7F, 0xFF, 0x7F, 0xFF, 0x7F, 0xFF, 0x7F,
		0xFF, 0x7F, 0xFF, 0x7F, 0xFF, 0x7F, 0xFF, 0x7F, 0xFF, 0x7F, 0xFF, 0x7F,
		0xFF, 0x7F, 0xFD, 0x7F, 0xFF, 0x7F, 0xFF, 0x7F, 0xFF, 0x7F, 0xFF, 0x7F,
		0xFF, 0x7F, 0xFF, 0x7F, 0xFD, 0x7F, 0xFF, 0x7F, 0xFF, 0x7F, 0xFF, 0x7F,
		0xFF, 0x7F, 0xFE, 0x7F, 0xFE, 0x7F, 0xFF, 0x7F, 0xFF, 0x7F, 0xFB, 0x7F,
		0xFC, 0x7F, 0xFF, 0x7F, 0xFF, 0x7F, 0xFE, 0x7F, 0xFD, 0x7F, 0xFF, 0x7F,
		0xFF, 0x7F, 0xFF, 0x7F, 0xFD, 0x7F, 0xFF, 0x7F, 0xFF, 0x7F, 0xFF, 0x7F,
		0xFE, 0x7F, 0xFF, 0x7F, 0xFF, 0x7F, 0xFF, 0x7F, 0xFF, 0x7F, 0xFD, 0x7F,
		0xFF, 0x7F, 0xFF, 0x7F, 0xFF, 0x7F, 0xFC, 0x7F, 0xFF, 0x7F, 0xFF, 0x7F,
		0xFF, 0x7F, 0xFE, 0x7F, 0xFF, 0x7F, 0xFF, 0x7F, 0xFF, 0x7F, 0xFF, 0x7F,
		0xFF, 0x7F, 0xFF, 0x7F, 0xFF, 0x7F, 0xFD, 0x7F, 0xFF, 0x7F, 0xFF, 0x7F,
		0xFD, 0x7F, 0xFC, 0x7F, 0xFF, 0x7F, 0xFF, 0x7F, 0xFB, 0x7F, 0xFE, 0x7F,
		0xFF, 0x7F, 0xFF, 0x7F, 0x38, 0x6A, 0x3B, 0x6A, 0x99, 0x61, 0x97, 0x61,
		0xED, 0x43, 0xF0, 0x43, 0x6D, 0x31, 0x68, 0x31, 0x93, 0x0D, 0x99, 0x0D,
		0x6D, 0x07, 0x67, 0x07, 0x57, 0xF7, 0x5C, 0xF7, 0x02, 0x00, 0x00, 0x00,
		0xF0, 0xEF, 0xEF, 0xEF, 0x0F, 0xE6, 0x11, 0xE6, 0x5C, 0xCD, 0x5B, 0xCD,
		0xFF, 0xC0, 0xFF, 0xC0, 0xC4, 0xBF, 0xC6, 0xBF, 0x5C, 0xCD, 0x59, 0xCD,
		0x49, 0xD2, 0x4C, 0xD2, 0x6C, 0xDD, 0x6A, 0xDD, 0xA5, 0xC9, 0xA6, 0xC9,
		0x2E, 0xB2, 0x2D, 0xB2, 0x2D, 0x88, 0x2F, 0x88, 0x02, 0x80, 0x00, 0x80,
		0x00, 0x80, 0x00, 0x80, 0x04, 0x80, 0x00, 0x80, 0x00, 0x80, 0x01, 0x80,
		0x03, 0x80, 0x00, 0x80, 0x00, 0x80, 0x03, 0x80, 0x02, 0x80, 0x00, 0x80,
		0x00, 0x80, 0x03, 0x80, 0x00, 0x80, 0x00, 0x80, 0x00, 0x80, 0x02, 0x80,
		0x02, 0x80, 0x00, 0x80, 0x00, 0x80, 0x02, 0x80, 0x02, 0x80, 0x00, 0x80,
		0x00, 0x80, 0x01, 0x80, 0x01, 0x80, 0x00, 0x80, 0x00, 0x80, 0x00, 0x80,
		0x00, 0x80, 0x00, 0x80, 0x00, 0x80, 0x01, 0x80, 0x01, 0x80, 0x00, 0x80,
		0x00, 0x80, 0x01, 0x80, 0x02, 0x80, 0x00, 0x80, 0x00, 0x80, 0x00, 0x80,
		0x01, 0x80, 0x01, 0x80, 0x00, 0x80, 0x00, 0x80, 0x01, 0x80, 0x02, 0x80,
		0x00, 0x80, 0x00, 0x80, 0x01, 0x80, 0x02, 0x80, 0x00, 0x80, 0x00, 0x80,
		0x01, 0x80, 0x02, 0x80, 0x00, 0x80, 0x00, 0x80, 0x01, 0x80, 0x01, 0x80,
		0x00, 0x80, 0x00, 0x80, 0x02, 0x80, 0x00, 0x80, 0x00, 0x80, 0x00, 0x80,
		0x00, 0x80, 0x00, 0x80, 0x02, 0x80, 0x00, 0x80, 0x00, 0x80, 0x02, 0x80,
		0x05, 0x80, 0x00, 0x80, 0x00, 0x80, 0x02, 0x80, 0x06, 0x80, 0x00, 0x80,
		0x75, 0x84, 0x7B, 0x84, 0x21, 0xB7, 0x1E, 0xB7, 0x3B, 0xD7, 0x3D, 0xD7,
		0x4C, 0xE7, 0x49, 0xE7, 0x87, 0xE8, 0x8C, 0xE8, 0xF3, 0xEF, 0xEC, 0xEF,
		0xC1, 0xFE, 0xC8, 0xFE, 0x6C, 0x1C, 0x67, 0x1C, 0x76, 0x2C, 0x79, 0x2C,
		0xE3, 0x33, 0xE1, 0x33, 0x59, 0x36, 0x5B, 0x36, 0xC4, 0x3D, 0xC1, 0x3D,
		0xFF, 0x53, 0x03, 0x54, 0xD3, 0x62, 0xCF, 0x62, 0xB3, 0x6C, 0xB7, 0x6C,
		0x69, 0x5B, 0x66, 0x5B, 0xE3, 0x48, 0xE4, 0x48, 0x93, 0x37, 0x94, 0x37,
		0x7B, 0x41, 0x7A, 0x41, 0x67, 0x5B, 0x67, 0x5B, 0x00, 0x7E, 0x01, 0x7E,
		0xFF, 0x7F, 0xFF, 0x7F, 0xFF, 0x7F, 0xFF, 0x7F, 0xFF, 0x7F, 0xFF, 0x7F,
		0xFF, 0x7F, 0xFF, 0x7F, 0xFD, 0x7F, 0xFF, 0x7F, 0xFF, 0x7F, 0xFF, 0x7F,
		0xFF, 0x7F, 0xFF, 0x7F, 0xFF, 0x7F, 0xFF, 0x7F, 0xFF, 0x7F, 0xFF, 0x7F,
		0xFF, 0x7F, 0xFF, 0x7F, 0xFF, 0x7F, 0xFF, 0x7F, 0xFF, 0x7F, 0xFF, 0x7F,
		0xFF, 0x7F, 0xFF, 0x7F, 0xFF, 0x7F, 0xFF, 0x7F, 0xFE, 0x7F, 0xFF, 0x7F,
		0xFF, 0x7F, 0xFB, 0x7F, 0xFD, 0x7F, 0xFF, 0x7F, 0xFF, 0x7F, 0xFD, 0x7F,
		0xFD, 0x7F, 0xFF, 0x7F, 0xFF, 0x7F, 0xFF, 0x7F, 0xFD, 0x7F, 0xFF, 0x7F,
		0xFF, 0x7F, 0xFF, 0x7F, 0xFD, 0x7F, 0xFF, 0x7F, 0xFF, 0x7F, 0xFF, 0x7F,
		0xFF, 0x7F, 0xFE, 0x7F, 0xFF, 0x7F, 0xFF, 0x7F, 0xFF, 0x7F, 0xFE, 0x7F,
		0xFF, 0x7F, 0xFF, 0x7F, 0xFE, 0x7F, 0xFF, 0x7F, 0xFF, 0x7F, 0xFF, 0x7F,
		0xFF, 0x7F, 0xFF, 0x7F, 0xFF, 0x7F, 0xFF, 0x7F, 0xFF, 0x7F, 0xFF, 0x7F,
		0xFF, 0x7F, 0xFF, 0x7F, 0xFF, 0x7F, 0xFF, 0x7F, 0xFF, 0x7F, 0xFF, 0x7F,
		0xFF, 0x7F, 0xFF, 0x7F, 0xFF, 0x7F, 0xFF, 0x7F, 0xFF, 0x7F, 0xFF, 0x7F,
		0xFE, 0x7F, 0xFE, 0x7F, 0xFF, 0x7F, 0xFF, 0x7F, 0x0D, 0x64, 0x0E, 0x64,
		0x4C, 0x3B, 0x4C, 0x3B, 0x87, 0x27, 0x86, 0x27, 0x2C, 0x1B, 0x2E, 0x1B,
		0x1F, 0x20, 0x1D, 0x20, 0x78, 0x17, 0x79, 0x17, 0xA5, 0x08, 0xA5, 0x08,
		0xA7, 0xF3, 0xA6, 0xF3, 0x59, 0xE2, 0x5B, 0xE2, 0x3D, 0xD7, 0x3B, 0xD7,
		0x3D, 0xD7, 0x3F, 0xD7, 0xD3, 0xCF, 0xD1, 0xCF, 0x2D, 0xC7, 0x2E, 0xC7,
		0xB6, 0xC4, 0xB6, 0xC4, 0x4A, 0xBD, 0x4A, 0xBD, 0xA7, 0xC9, 0xA8, 0xC9,
		0xD4, 0xCF, 0xD2, 0xCF, 0x2C, 0xC7, 0x2D, 0xC7, 0x99, 0xB9, 0x99, 0xB9,
		0xD0, 0x90, 0xD1, 0x90, 0x05, 0x80, 0x03, 0x80, 0x00, 0x80, 0x00, 0x80,
		0x06, 0x80, 0x04, 0x80, 0x00, 0x80, 0x00, 0x80, 0x03, 0x80, 0x02, 0x80,
		0x00, 0x80, 0x00, 0x80, 0x00, 0x80, 0x00, 0x80, 0x03, 0x80, 0x00, 0x80,
		0x00, 0x80, 0x00, 0x80, 0x04, 0x80, 0x00, 0x80, 0x00, 0x80, 0x00, 0x80,
		0x02, 0x80, 0x00, 0x80, 0x00, 0x80, 0x01, 0x80, 0x00, 0x80, 0x00, 0x80,
		0x00, 0x80, 0x02, 0x80, 0x01, 0x80, 0x00, 0x80, 0x00, 0x80, 0x01, 0x80,
		0x03, 0x80, 0x01, 0x80, 0x00, 0x80, 0x00, 0x80, 0x05, 0x80, 0x02, 0x80,
		0x00, 0x80, 0x00, 0x80, 0x02, 0x80, 0x01, 0x80, 0x00, 0x80, 0x00, 0x80,
		0x00, 0x80, 0x00, 0x80, 0x04, 0x80, 0x00, 0x80, 0x00, 0x80, 0x02, 0x80,
		0x05, 0x80, 0x00, 0x80, 0x00, 0x80, 0x02, 0x80, 0x05, 0x80, 0x00, 0x80,
		0x00, 0x80, 0x00, 0x80, 0x03, 0x80, 0x03, 0x80, 0x00, 0x80, 0x00, 0x80,
		0x05, 0x80, 0x03, 0x80, 0x00, 0x80, 0x00, 0x80, 0x03, 0x80, 0x02, 0x80,
		0x00, 0x80, 0x00, 0x80, 0x00, 0x80, 0x01, 0x80, 0x3E, 0x83, 0x3D, 0x83,
		0xE2, 0x8B, 0xE1, 0x8B, 0x1F, 0xA2, 0x22, 0xA2, 0xD3, 0xBA, 0xCF, 0xBA,
		0xF1, 0xDA, 0xF6, 0xDA, 0x4C, 0xE7, 0x47, 0xE7, 0x3B, 0xEC, 0x3F, 0xEC,
		0xF3, 0xEF, 0xF0, 0xEF, 0x1C, 0xF6, 0x1F, 0xF6, 0xA7, 0x08, 0xA5, 0x08,
		0x00, 0x15, 0x00, 0x15, 0xA4, 0x1D, 0xA5, 0x1D, 0xD4, 0x23, 0xD3, 0x23,
		0x4B, 0x26, 0x4C, 0x26, 0x2B, 0x30, 0x2B, 0x30, 0x8A, 0x3C, 0x89, 0x3C,
		0x39, 0x40, 0x39, 0x40, 0x01, 0x3F, 0x04, 0x3F, 0xD3, 0x38, 0xCE, 0x38,
		0xA3, 0x32, 0xA9, 0x32, 0x6C, 0x46, 0x67, 0x46, 0x66, 0x5B, 0x68, 0x5B,
		0xFF, 0x7F, 0xFF, 0x7F, 0xFF, 0x7F, 0xFD, 0x7F, 0xFF, 0x7F, 0xFF, 0x7F,
		0xFF, 0x7F, 0xFF, 0x7F, 0xFF, 0x7F, 0xFE, 0x7F, 0xFF, 0x7F, 0xFF, 0x7F,
		0xFE, 0x7F, 0xFF, 0x7F, 0xFF, 0x7F, 0xFF, 0x7F, 0xFD, 0x7F, 0xFF, 0x7F,
		0xFF, 0x7F, 0xFF, 0x7F, 0xFE, 0x7F, 0xFF, 0x7F, 0xFF, 0x7F, 0xFF, 0x7F,
		0xFF, 0x7F, 0xFE, 0x7F, 0xFF, 0x7F, 0xFF, 0x7F, 0xFF, 0x7F, 0xFD, 0x7F,
		0xFF, 0x7F, 0xFF, 0x7F, 0xFF, 0x7F, 0xFD, 0x7F, 0xFF, 0x7F, 0xFF, 0x7F,
		0xFF, 0x7F, 0xFF, 0x7F, 0xFF, 0x7F, 0xFF, 0x7F, 0xFF, 0x7F, 0xFF, 0x7F,
		0xFF, 0x7F, 0xFF, 0x7F, 0xFF, 0x7F, 0xFF, 0x7F, 0xFF, 0x7F, 0xFF, 0x7F,
		0xFF, 0x7F, 0xFE, 0x7F, 0xFF, 0x7F, 0xFF, 0x7F, 0xFF, 0x7F, 0xFD, 0x7F,
		0xFF, 0x7F, 0xFF, 0x7F, 0xFF, 0x7F, 0xFD, 0x7F, 0xFF, 0x7F, 0xFF, 0x7F,
		0xFE, 0x7F, 0xFE, 0x7F, 0xFF, 0x7F, 0xFF, 0x7F, 0xFD, 0x7F, 0xFD, 0x7F,
		0xFF, 0x7F, 0xFF, 0x7F, 0xFF, 0x7F, 0xFE, 0x7F, 0xFF, 0x7F, 0xFF, 0x7F,
		0xFF, 0x7F, 0xFE, 0x7F, 0xFF, 0x7F, 0xFF, 0x7F, 0xFF, 0x7F, 0xFD, 0x7F,
		0xD2, 0x77, 0xD3, 0x77, 0xB4, 0x57, 0xB5, 0x57, 0xA6, 0x47, 0xA4, 0x47,
		0x59, 0x36, 0x5B, 0x36, 0x1E, 0x35, 0x1E, 0x35, 0x1E, 0x35, 0x1C, 0x35,
		0x00, 0x2A, 0x02, 0x2A, 0xA5, 0x1D, 0xA3, 0x1D, 0xD4, 0x0E, 0xD5, 0x0E,
		0x3A, 0x01, 0x3B, 0x01, 0x7B, 0x02, 0x79, 0x02, 0x94, 0xF8, 0x96, 0xF8,
		0xD5, 0xF9, 0xD3, 0xF9, 0x3B, 0xEC, 0x3D, 0xEC, 0x2E, 0xF1, 0x2C, 0xF1,
		0x2E, 0xF1, 0x2E, 0xF1, 0x94, 0xF8, 0x96, 0xF8, 0x13, 0xFB, 0x10, 0xFB,
		0x0B, 0xE6, 0x0F, 0xE6, 0x13, 0xD1, 0x10, 0xD1, 0xC1, 0xAA, 0xC3, 0xAA,
		0x12, 0x92, 0x11, 0x92, 0x3D, 0x83, 0x3C, 0x83, 0x00, 0x80, 0x00, 0x80,
		0x01, 0x80, 0x01, 0x80, 0x00, 0x80, 0x00, 0x80, 0x02, 0x80, 0x00, 0x80,
		0x00, 0x80, 0x02, 0x80, 0x00, 0x80, 0x00, 0x80, 0x01, 0x80, 0x00, 0x80,
		0x00, 0x80, 0x02, 0x80, 0x00, 0x80, 0x00, 0x80, 0x02, 0x80, 0x02, 0x80,
		0x00, 0x80, 0x00, 0x80, 0x02, 0x80, 0x00, 0x80, 0x00, 0x80, 0x01, 0x80,
		0x00, 0x80, 0x00, 0x80, 0x01, 0x80, 0x00, 0x80, 0x00, 0x80, 0x02, 0x80,
		0x02, 0x80, 0x00, 0x80, 0x00, 0x80, 0x01, 0x80, 0x00, 0x80, 0x00, 0x80,
		0x01, 0x80, 0x00, 0x80, 0x00, 0x80, 0x00, 0x80, 0x01, 0x80, 0x01, 0x80,
		0x00, 0x80, 0x00, 0x80, 0x01, 0x80, 0x00, 0x80, 0x00, 0x80, 0x01, 0x80,
		0x01, 0x80, 0x00, 0x80, 0x00, 0x80, 0x00, 0x80, 0x00, 0x80, 0x02, 0x80,
		0x01, 0x80, 0x00, 0x80, 0x00, 0x80, 0x01, 0x80, 0x00, 0x80, 0x00, 0x80,
		0x01, 0x80, 0x00, 0x80, 0xF1, 0x9B, 0xF3, 0x9B, 0x89, 0xA9, 0x87, 0xA9,
		0x59, 0xB8, 0x5B, 0xB8, 0x8B, 0xBE, 0x88, 0xBE, 0x66, 0xC8, 0x69, 0xC8,
		0xB8, 0xD9, 0xB6, 0xD9, 0x4A, 0xE7, 0x4B, 0xE7, 0xE1, 0xF4, 0xE1, 0xF4,
		0x7B, 0x02, 0x7A, 0x02, 0xFD, 0xFF, 0xFF, 0xFF, 0xA9, 0x08, 0xA6, 0x08,
		0x39, 0x01, 0x3B, 0x01, 0x12, 0x10, 0x11, 0x10, 0xCF, 0x0E, 0xD1, 0x0E,
		0x4E, 0x26, 0x4C, 0x26, 0xFF, 0x29, 0xFF, 0x29, 0xE2, 0x33, 0xE2, 0x33,
		0x2D, 0x30, 0x2D, 0x30, 0x86, 0x27, 0x87, 0x27, 0x1F, 0x20, 0x1E, 0x20,
		0xE1, 0x1E, 0xE1, 0x1E, 0x89, 0x27, 0x89, 0x27, 0x0D, 0x3A, 0x0D, 0x3A,
		0xB6, 0x57, 0xB5, 0x57, 0x39, 0x6A, 0x3C, 0x6A, 0xFF, 0x7F, 0xFF, 0x7F,
		0xFF, 0x7F, 0xFF, 0x7F, 0xFF, 0x7F, 0xFF, 0x7F, 0xFF, 0x7F, 0xFF, 0x7F,
		0xFF, 0x7F, 0xFF, 0x7F, 0xFE, 0x7F, 0xFF, 0x7F, 0xFF, 0x7F, 0xFF, 0x7F,
		0xFF, 0x7F, 0xFE, 0x7F, 0xFF, 0x7F, 0xFF, 0x7F, 0xFF, 0x7F, 0xFE, 0x7F,
		0xFF, 0x7F, 0xFF, 0x7F, 0xFF, 0x7F, 0xFF, 0x7F, 0xFF, 0x7F, 0xFF, 0x7F,
		0xFF, 0x7F, 0xFF, 0x7F, 0xFF, 0x7F, 0xFF, 0x7F, 0xFF, 0x7F, 0xFF, 0x7F,
		0xFF, 0x7F, 0xFF, 0x7F, 0xFF, 0x7F, 0xFF, 0x7F, 0xFF, 0x7F, 0xFF, 0x7F,
		0xFF, 0x7F, 0xFD, 0x7F, 0xFF, 0x7F, 0xFF, 0x7F, 0xFE, 0x7F, 0xFA, 0x7F,
		0xFF, 0x7F, 0xFF, 0x7F, 0xFF, 0x7F, 0xFF, 0x7F, 0xFF, 0x7F, 0xFF, 0x7F,
		0xFF, 0x7F, 0xFF, 0x7F, 0xFF, 0x7F, 0xFE, 0x7F, 0xFF, 0x7F, 0xFF, 0x7F,
		0xFF, 0x7F, 0xFF, 0x7F, 0xFF, 0x7F, 0xFF, 0x7F, 0xFF, 0x7F, 0xFF, 0x7F,
		0xFF, 0x7F, 0xFF, 0x7F, 0xB2, 0x6C, 0xB6, 0x6C, 0x4D, 0x65, 0x48, 0x65,
		0x1C, 0x5F, 0x21, 0x5F, 0xFF, 0x53, 0xFC, 0x53, 0xD5, 0x4D, 0xD5, 0x4D,
		0x57, 0x36, 0x59, 0x36, 0xE4, 0x33, 0xE1, 0x33, 0x0C, 0x25, 0x11, 0x25,
		0x4E, 0x26, 0x48, 0x26, 0xB1, 0x18, 0xB8, 0x18, 0x8D, 0x12, 0x84, 0x12,
		0x36, 0x01, 0x3F, 0x01, 0x06, 0x00, 0xFE, 0xFF, 0x9F, 0xF3, 0xA7, 0xF3,
		0x06, 0x00, 0x00, 0x00, 0xED, 0xEF, 0xF0, 0xEF, 0xE5, 0xF4, 0xE3, 0xF4,
		0xC2, 0xE9, 0xC3, 0xE9, 0x3D, 0xEC, 0x3D, 0xEC, 0xA5, 0xF3, 0xA5, 0xF3,
		0x1F, 0xF6, 0x1E, 0xF6, 0x6A, 0xF2, 0x6B, 0xF2, 0x1D, 0xE1, 0x1D, 0xE1,
		0x20, 0xCC, 0x1F, 0xCC, 0x68, 0xB3, 0x6A, 0xB3, 0x4D, 0xA8, 0x4A, 0xA8,
		0xC5, 0x95, 0xC8, 0x95, 0x5A, 0x8E, 0x58, 0x8E, 0x01, 0x80, 0x01, 0x80,
		0x00, 0x80, 0x01, 0x80, 0x01, 0x80, 0x00, 0x80, 0x00, 0x80, 0x03, 0x80,
		0x01, 0x80, 0x00, 0x80, 0x00, 0x80, 0x04, 0x80, 0x01, 0x80, 0x00, 0x80,
		0x00, 0x80, 0x02, 0x80, 0x01, 0x80, 0x00, 0x80, 0x00, 0x80, 0x00, 0x80,
		0x03, 0x80, 0x01, 0x80, 0x00, 0x80, 0x00, 0x80, 0x04, 0x80, 0x01, 0x80,
		0x00, 0x80, 0x00, 0x80, 0x00, 0x80, 0x00, 0x80, 0x01, 0x80, 0x02, 0x80,
		0x00, 0x80, 0x00, 0x80, 0x03, 0x80, 0x03, 0x80, 0x00, 0x80, 0x00, 0x80,
		0x03, 0x80, 0x03, 0x80, 0x00, 0x80, 0x00, 0x80, 0x02, 0x80, 0x01, 0x80,
		0x00, 0x80, 0x00, 0x80, 0x01, 0x80, 0x01, 0x80, 0x00, 0x80, 0x00, 0x80,
		0x01, 0x80, 0x03, 0x80, 0x00, 0x80, 0x00, 0x80, 0x01, 0x80, 0x03, 0x80,
		0x5A, 0x8E, 0x59, 0x8E, 0xE4, 0xA0, 0xE3, 0xA0, 0x87, 0xA9, 0x87, 0xA9,
		0xC4, 0xAA, 0xC6, 0xAA, 0x11, 0xBC, 0x0E, 0xBC, 0x49, 0xBD, 0x4D, 0xBD,
		0x04, 0xD6, 0x00, 0xD6, 0x75, 0xD8, 0x78, 0xD8, 0x99, 0xE3, 0x98, 0xE3,
		0x4A, 0xE7, 0x4A, 0xE7, 0x02, 0xEB, 0x01, 0xEB, 0xEF, 0xEF, 0xF0, 0xEF,
		0xD5, 0xF9, 0xD5, 0xF9, 0x85, 0xFD, 0x85, 0xFD, 0xF3, 0x04, 0xF4, 0x04,
		0x68, 0x07, 0x66, 0x07, 0x1F, 0x0B, 0x21, 0x0B, 0x87, 0x12, 0x84, 0x12,
		0xC4, 0x13, 0xC7, 0x13, 0xC4, 0x13, 0xC1, 0x13, 0x94, 0x0D, 0x99, 0x0D,
		0xD7, 0x0E, 0xD0, 0x0E, 0x55, 0x0C, 0x5D, 0x0C, 0x23, 0x20, 0x1B, 0x20,
		0xFC, 0x29, 0x02, 0x2A, 0x02, 0x3F, 0xFE, 0x3E, 0xE1, 0x48, 0xE3, 0x48,
		0x77, 0x56, 0x76, 0x56, 0x1E, 0x5F, 0x20, 0x5F, 0x6A, 0x70, 0x66, 0x70,
		0xCF, 0x77, 0xD5, 0x77, 0xFF, 0x7F, 0xFE, 0x7F, 0xFD, 0x7F, 0xFF, 0x7F,
		0xFF, 0x7F, 0xFF, 0x7F, 0xFF, 0x7F, 0xFD, 0x7F, 0xFE, 0x7F, 0xFF, 0x7F,
		0xFF, 0x7F, 0xFC, 0x7F, 0xFF, 0x7F, 0xFF, 0x7F, 0xFF, 0x7F, 0xFE, 0x7F,
		0xFF, 0x7F, 0xFF, 0x7F, 0xFF, 0x7F, 0xFF, 0x7F, 0xFF, 0x7F, 0xFF, 0x7F,
		0xFF, 0x7F, 0xFF, 0x7F, 0xFE, 0x7F, 0xFF, 0x7F, 0xFF, 0x7F, 0xFF, 0x7F,
		0xFC, 0x7F, 0xFF, 0x7F, 0xFF, 0x7F, 0xFC, 0x7F, 0xFB, 0x7F, 0xFF, 0x7F,
		0xFF, 0x7F, 0xFE, 0x7F, 0xFD, 0x7F, 0xFF, 0x7F, 0xFF, 0x7F, 0xFF, 0x7F,
		0xFE, 0x7F, 0xFF, 0x7F, 0xFF, 0x7F, 0xFF, 0x7F, 0xFF, 0x7F, 0xFE, 0x7F,
		0xFF, 0x7F, 0xFF, 0x7F, 0x4B, 0x7A, 0x46, 0x7A, 0x1D, 0x5F, 0x22, 0x5F,
		0xB4, 0x57, 0xB1, 0x57, 0x2D, 0x45, 0x2F, 0x45, 0x2D, 0x45, 0x2C, 0x45,
		0x1E, 0x35, 0x1D, 0x35, 0xD3, 0x38, 0xD4, 0x38, 0x86, 0x27, 0x85, 0x27,
		0xC3, 0x28, 0xC6, 0x28, 0x5C, 0x21, 0x58, 0x21, 0x2B, 0x1B, 0x2F, 0x1B,
		0xF4, 0x19, 0xEF, 0x19, 0xCF, 0x0E, 0xD4, 0x0E, 0x5D, 0x0C, 0x5A, 0x0C,
		0x2B, 0x06, 0x2D, 0x06, 0xB6, 0x03, 0xB5, 0x03, 0x2D, 0x06, 0x2C, 0x06,
		0x00, 0x00, 0x01, 0x00, 0x3C, 0x01, 0x3C, 0x01, 0x4B, 0xFC, 0x4B, 0xFC,
		0xC4, 0xFE, 0xC5, 0xFE, 0xC4, 0xFE, 0xC2, 0xFE, 0xC4, 0xFE, 0xC5, 0xFE,
		0xD3, 0xF9, 0xD2, 0xF9, 0x68, 0xF2, 0x6A, 0xF2, 0x98, 0xE3, 0x97, 0xE3,
		0x3C, 0xD7, 0x3C, 0xD7, 0xF1, 0xC5, 0xF2, 0xC5, 0x89, 0xBE, 0x88, 0xBE,
		0xA4, 0xB4, 0xA5, 0xB4, 0xF4, 0xB0, 0xF3, 0xB0, 0x0E, 0xA7, 0x0E, 0xA7,
		0x2E, 0x9D, 0x2F, 0x9D, 0xB6, 0x9A, 0xB5, 0x9A, 0xC3, 0x95, 0xC4, 0x95,
		0x11, 0xA7, 0x10, 0xA7, 0x1F, 0xB7, 0x1F, 0xB7, 0x0D, 0xD1, 0x0E, 0xD1,
		0xC6, 0xE9, 0xC6, 0xE9, 0x4B, 0xFC, 0x49, 0xFC, 0x4C, 0x49, 0x53, 0x54,
		0x14, 0x00, 0x00, 0x00, 0x49, 0x4E, 0x46, 0x4F, 0x49, 0x4E, 0x41, 0x4D,
		0x08, 0x00, 0x00, 0x00, 0x67, 0x65, 0x6E, 0x5F, 0x33, 0x41, 0x00, 0x00,
		0x69, 0x64, 0x33, 0x20, 0x1C, 0x00, 0x00, 0x00, 0x49, 0x44, 0x33, 0x03,
		0x00, 0x00, 0x00, 0x00, 0x00, 0x11, 0x54, 0x49, 0x54, 0x32, 0x00, 0x00,
		0x00, 0x07, 0x00, 0x00, 0x00, 0x67, 0x65, 0x6E, 0x5F, 0x33, 0x41, 0x00
};
